City_ID,City,Country,Date,Lat,Lng,Max Temp,Humidity,Cloudiness,Wind Speed
0,Bathsheba,BB,2022-07-18 21:25:24,13.2167,-59.5167,302.49,82,40,9.26
1,Huarmey,PE,2022-07-18 21:25:25,-10.0681,-78.1522,292.53,74,64,5.39
2,Manzil Salim,TN,2022-07-18 21:25:26,35.8567,8.4765,301.44,24,0,3.57
3,Punta Arenas,CL,2022-07-18 21:25:27,-53.15,-70.9167,278.21,75,75,13.38
4,Nome,US,2022-07-18 21:20:31,64.5011,-165.4064,278.19,87,100,10.8
5,Ancud,CL,2022-07-18 21:25:28,-41.8697,-73.8203,279.39,71,12,3.37
6,Hobart,AU,2022-07-18 21:25:29,-42.8794,147.3294,279.41,83,75,3.6
7,Mataura,NZ,2022-07-18 21:25:14,-46.1927,168.8643,279.53,97,100,0.75
8,Vaini,TO,2022-07-18 21:25:30,-21.2,-175.2,297.24,88,75,4.63
9,Saldanha,ZA,2022-07-18 21:25:31,-33.0117,17.9442,283.18,78,0,5.74
10,Vao,NC,2022-07-18 21:25:32,-22.6667,167.4833,295.78,86,100,6.37
11,Pinega,RU,2022-07-18 21:25:33,64.7001,43.3936,287.96,72,100,1.88
12,Lata,PT,2022-07-18 21:25:34,40.1629,-8.3327,289.15,94,1,1.11
13,Marawi,PH,2022-07-18 21:25:35,7.9986,124.2928,293.59,96,100,1.36
14,Atuona,PF,2022-07-18 21:25:36,-9.8,-139.0333,298.31,70,40,7.27
15,Provideniya,RU,2022-07-18 21:21:46,64.3833,-173.3,279.21,75,100,5.0
16,Lompoc,US,2022-07-18 21:21:04,34.6391,-120.4579,307.05,54,0,7.2
17,Jamestown,US,2022-07-18 21:25:41,42.097,-79.2353,296.45,85,100,6.17
18,Wanning,CN,2022-07-18 21:25:41,18.8003,110.3967,300.87,91,98,4.17
19,Hermanus,ZA,2022-07-18 21:25:24,-34.4187,19.2345,285.26,83,100,1.9
20,Tuktoyaktuk,CA,2022-07-18 21:25:43,69.4541,-133.0374,290.15,82,100,5.14
21,Cape Town,ZA,2022-07-18 21:21:19,-33.9258,18.4232,286.99,80,0,3.13
22,Dikson,RU,2022-07-18 21:25:44,73.5069,80.5464,279.7,81,99,5.83
23,Zelenogorskiy,RU,2022-07-18 21:25:44,55.0333,87.0,283.2,99,100,1.55
24,New Norfolk,AU,2022-07-18 21:25:45,-42.7826,147.0587,279.22,87,89,0.45
25,Sheridan,US,2022-07-18 21:25:46,44.8333,-106.9173,312.05,17,0,4.63
26,Victoria,HK,2022-07-18 21:22:18,22.2855,114.1577,303.36,80,100,4.02
27,Hilo,US,2022-07-18 21:25:14,19.7297,-155.09,306.08,74,75,4.63
28,Castro,BR,2022-07-18 21:25:48,-24.7911,-50.0119,287.52,98,100,1.53
29,Kapaa,US,2022-07-18 21:25:40,22.0752,-159.319,301.33,75,75,8.75
30,Ushuaia,AR,2022-07-18 21:25:49,-54.8,-68.3,279.96,53,40,5.14
31,Narsaq,GL,2022-07-18 21:25:49,60.9167,-46.05,289.27,70,100,2.24
32,Umm Lajj,SA,2022-07-18 21:25:50,25.0213,37.2685,303.68,53,0,2.35
33,Dryden,CA,2022-07-18 21:25:51,49.7833,-92.7503,302.31,48,75,3.09
34,Bull Savanna,JM,2022-07-18 21:25:53,17.8868,-77.5902,301.79,69,83,6.9
35,Saint-Philippe,RE,2022-07-18 21:25:54,-21.3585,55.7679,292.92,80,67,8.68
36,Olovyannaya,RU,2022-07-18 21:25:55,50.95,115.5667,289.36,51,0,1.15
37,Butaritari,KI,2022-07-18 21:25:56,3.0707,172.7902,301.12,77,7,8.19
38,Nikolskoye,RU,2022-07-18 21:25:56,59.7035,30.7861,286.09,91,49,1.76
39,Clyde River,CA,2022-07-18 21:25:58,70.4692,-68.5914,280.28,76,75,5.14
40,Esperance,AU,2022-07-18 21:25:58,-33.8667,121.9,284.06,88,51,2.35
41,Rikitea,PF,2022-07-18 21:25:59,-23.1203,-134.9692,296.92,77,19,5.45
42,Salani,IN,2022-07-18 21:26:00,29.957,79.7127,295.21,92,70,1.42
43,Salym,RU,2022-07-18 21:26:00,60.0625,71.4789,287.16,73,31,2.26
44,Saint-Pierre,RE,2022-07-18 21:26:01,-21.3393,55.4781,293.1,70,0,11.83
45,Kitob,UZ,2022-07-18 21:26:01,39.0843,66.8332,300.29,24,0,5.06
46,Tiksi,RU,2022-07-18 21:27:03,71.6872,128.8694,274.76,95,100,6.43
47,Busselton,AU,2022-07-18 21:26:12,-33.65,115.3333,283.58,85,0,3.51
48,Puerto Ayora,EC,2022-07-18 21:27:04,-0.7393,-90.3518,298.13,88,97,2.68
49,Port Alfred,ZA,2022-07-18 21:25:22,-33.5906,26.891,291.83,55,81,3.49
50,Tefe,BR,2022-07-18 21:27:06,-3.3542,-64.7114,306.21,62,20,3.6
51,Walvis Bay,NA,2022-07-18 21:27:07,-22.9575,14.5053,285.68,87,2,2.06
52,Port Hardy,CA,2022-07-18 21:27:08,50.6996,-127.4199,288.25,82,100,3.6
53,Deputatskiy,RU,2022-07-18 21:27:10,69.3,139.9,279.08,87,100,1.92
54,Bonavista,CA,2022-07-18 21:27:11,48.6499,-53.1147,291.76,71,46,6.39
55,Avarua,CK,2022-07-18 21:22:33,-21.2078,-159.775,296.18,83,75,2.57
56,Santa Cruz De Tenerife,ES,2022-07-18 21:25:04,28.4682,-16.2546,299.59,90,75,10.29
57,Carballo,ES,2022-07-18 21:27:12,43.213,-8.691,293.63,76,2,3.09
58,Albany,US,2022-07-18 21:25:56,42.6001,-73.9662,299.06,85,100,1.79
59,Khorramshahr,IR,2022-07-18 21:27:15,30.4397,48.1664,309.13,23,0,4.12
60,Ribeira Grande,PT,2022-07-18 21:27:18,38.5167,-28.7,296.14,90,20,2.28
61,Leningradskiy,RU,2022-07-18 21:27:19,69.3833,178.4167,274.35,89,100,9.51
62,Salinas,US,2022-07-18 21:27:21,36.6777,-121.6555,308.46,52,0,6.69
63,Bengkulu,ID,2022-07-18 21:23:51,-3.8004,102.2655,297.24,88,3,1.5
64,Saint-Francois,FR,2022-07-18 21:27:22,46.4154,3.9054,297.41,56,0,0.0
65,Bredasdorp,ZA,2022-07-18 21:25:19,-34.5322,20.0403,285.62,84,100,0.98
66,Inhambane,MZ,2022-07-18 21:27:26,-23.865,35.3833,293.46,88,4,1.32
67,Airai,TL,2022-07-18 21:27:29,-8.9266,125.4092,283.41,54,95,1.12
68,Erdenet,MN,2022-07-18 21:27:30,49.0333,104.0833,284.9,79,73,0.95
69,Bambous Virieux,MU,2022-07-18 21:27:31,-20.3428,57.7575,293.83,88,40,7.72
70,Qaanaaq,GL,2022-07-18 21:26:00,77.484,-69.3632,280.68,55,0,1.74
71,Bluff,NZ,2022-07-18 21:27:32,-46.6,168.3333,279.71,76,100,7.28
72,Bethel,US,2022-07-18 21:25:58,41.3712,-73.414,298.9,93,100,0.45
73,Cravo Norte,CO,2022-07-18 21:27:36,6.3017,-70.2041,299.18,82,98,3.04
74,Eibar,ES,2022-07-18 21:27:36,43.1849,-2.4716,297.94,84,33,0.63
75,East London,ZA,2022-07-18 21:27:37,-33.0153,27.9116,293.65,36,7,3.66
76,Neuquen,AR,2022-07-18 21:27:38,-38.9516,-68.0591,283.09,34,0,2.06
77,Damulog,PH,2022-07-18 21:27:39,7.4836,124.9431,294.29,98,100,1.25
78,Espita,MX,2022-07-18 21:27:40,21.0167,-88.3167,309.18,38,40,3.99
79,Khash,IR,2022-07-18 21:27:42,28.2211,61.2158,300.08,62,52,3.33
80,Tinskoy,RU,2022-07-18 21:27:43,56.1525,96.9161,283.15,90,10,2.26
81,Chokurdakh,RU,2022-07-18 21:27:44,70.6333,147.9167,279.08,71,75,5.68
82,Pacifica,US,2022-07-18 21:27:45,37.6138,-122.4869,307.03,76,20,9.26
83,Beringovskiy,RU,2022-07-18 21:27:46,63.05,179.3167,284.46,51,7,11.25
84,Kaitangata,NZ,2022-07-18 21:27:47,-46.2817,169.8464,280.88,92,100,2.59
85,Sibu,MY,2022-07-18 21:27:47,2.3,111.8167,297.32,94,40,1.03
86,Cap-Aux-Meules,CA,2022-07-18 21:27:48,47.3821,-61.8597,298.18,69,40,5.14
87,Severnyy,RU,2022-07-18 21:27:50,50.677,36.5532,287.17,82,0,4.0
88,Saravena,CO,2022-07-18 21:27:51,6.9538,-71.8752,297.34,92,97,0.82
89,Ponta Delgada,PT,2022-07-18 21:27:52,37.7333,-25.6667,295.55,88,75,2.06
90,Songjianghe,CN,2022-07-18 21:27:53,42.1859,127.479,287.93,99,10,1.71
91,Hithadhoo,MV,2022-07-18 21:27:54,-0.6,73.0833,300.57,76,100,4.47
92,Burghausen,DE,2022-07-18 21:28:55,48.1667,12.8333,292.21,75,100,1.71
93,Lavrentiya,RU,2022-07-18 21:27:13,65.5833,-171.0,276.6,73,99,6.6
94,Birao,CF,2022-07-18 21:28:57,10.2849,22.7882,295.64,90,90,2.11
95,Katsuura,JP,2022-07-18 21:28:58,35.1333,140.3,299.19,88,100,8.06
96,Lorengau,PG,2022-07-18 21:28:59,-2.0226,147.2712,300.11,76,96,2.21
97,Solnechnyy,RU,2022-07-18 21:29:01,50.7214,136.6319,286.65,99,100,2.54
98,Jambi,ID,2022-07-18 21:29:02,-1.6,103.6167,296.76,95,40,1.53
99,Kamenka,RU,2022-07-18 21:29:03,51.3223,42.7678,287.25,77,0,5.53
100,Alice,US,2022-07-18 21:29:04,27.7523,-98.0697,311.24,39,20,7.72
101,Mar Del Plata,AR,2022-07-18 21:29:05,-38.0023,-57.5575,282.64,77,0,3.58
102,Marsh Harbour,BS,2022-07-18 21:29:06,26.5412,-77.0636,301.88,74,5,5.41
103,Pushkino,RU,2022-07-18 21:29:07,56.0172,37.8667,287.31,93,60,3.71
104,Ketchikan,US,2022-07-18 21:29:08,55.3422,-131.6461,287.41,94,100,6.17
105,San Cristobal,VE,2022-07-18 21:29:09,7.7669,-72.225,298.25,79,100,1.99
106,Pochutla,MX,2022-07-18 21:28:51,15.7432,-96.4661,306.38,69,86,2.31
107,Souillac,MU,2022-07-18 21:29:13,-20.5167,57.5167,292.36,88,40,7.72
108,Tasiilaq,GL,2022-07-18 21:29:14,65.6145,-37.6368,280.24,83,56,1.19
109,Lianran,CN,2022-07-18 21:29:15,24.9227,102.485,292.45,97,100,1.35
110,Canyon,US,2022-07-18 21:29:16,34.9803,-101.9188,313.97,19,90,2.11
111,Kruisfontein,ZA,2022-07-18 21:29:18,-34.0033,24.7314,288.09,91,73,0.94
112,Saint George,US,2022-07-18 21:29:19,37.1041,-113.5841,311.48,22,0,2.57
113,Paris,FR,2022-07-18 21:29:21,48.8534,2.3488,305.03,32,0,3.6
114,Kahului,US,2022-07-18 21:29:22,20.8947,-156.47,302.16,66,40,10.8
115,Rawson,AR,2022-07-18 21:29:23,-43.3002,-65.1023,281.69,43,89,8.15
116,Rocha,UY,2022-07-18 21:25:06,-34.4833,-54.3333,282.8,82,2,2.18
117,Makakilo City,US,2022-07-18 21:29:26,21.3469,-158.0858,301.31,68,75,7.72
118,Kangalassy,RU,2022-07-18 21:29:27,62.3464,129.9628,292.11,69,52,2.51
119,Soto La Marina,MX,2022-07-18 21:29:28,23.7667,-98.2167,308.02,31,0,8.66
120,Pudozh,RU,2022-07-18 21:29:28,61.8099,36.5345,284.45,80,65,1.35
121,Geraldton,AU,2022-07-18 21:26:53,-28.7667,114.6,286.38,94,100,5.14
122,Tabou,CI,2022-07-18 21:29:30,4.423,-7.3528,297.12,76,96,4.3
123,Norman Wells,CA,2022-07-18 21:28:46,65.282,-126.8329,297.17,41,75,3.6
124,Bireun,ID,2022-07-18 21:29:31,5.203,96.7009,299.92,82,96,2.71
125,Sobolevo,RU,2022-07-18 21:29:32,54.4299,31.8996,286.28,86,92,2.51
126,Sarishabari,BD,2022-07-18 21:29:33,24.7333,89.8333,301.57,82,100,5.18
127,Ponta Do Sol,PT,2022-07-18 21:26:53,32.6667,-17.1,295.93,81,13,1.82
128,Fairbanks,US,2022-07-18 21:27:36,64.8378,-147.7164,289.34,79,100,6.17
129,Paamiut,GL,2022-07-18 21:29:35,61.994,-49.6678,280.29,82,100,0.93
130,Goderich,CA,2022-07-18 21:29:36,43.7501,-81.7165,296.43,73,3,3.6
131,Grand Gaube,MU,2022-07-18 21:29:36,-20.0064,57.6608,293.92,67,64,4.47
132,Hasaki,JP,2022-07-18 21:29:37,35.7333,140.8333,300.37,83,100,6.53
133,Russell,US,2022-07-18 21:29:39,32.3502,-85.1999,307.04,49,0,2.57
134,Manggar,ID,2022-07-18 21:29:40,-2.8833,108.2667,300.2,80,75,4.08
135,Severo-Kurilsk,RU,2022-07-18 21:29:41,50.6789,156.125,285.99,90,95,3.04
136,Georgetown,MY,2022-07-18 21:24:55,5.4112,100.3354,301.11,90,40,0.0
137,Khatanga,RU,2022-07-18 21:30:44,71.9667,102.5,284.73,75,100,0.71
138,Vostok,RU,2022-07-18 21:29:11,46.4856,135.8833,288.83,92,97,0.55
139,College,US,2022-07-18 21:30:46,64.8569,-147.8028,289.33,78,100,6.17
140,Kodiak,US,2022-07-18 21:30:48,57.79,-152.4072,290.88,55,100,7.72
141,Port Elizabeth,ZA,2022-07-18 21:30:49,-33.918,25.5701,290.55,89,75,1.54
142,Kemise,ET,2022-07-18 21:30:50,10.7167,39.8667,294.9,70,85,2.8
143,Rio Grande,BR,2022-07-18 21:30:51,-32.035,-52.0986,285.21,79,3,2.34
144,Poum,NC,2022-07-18 21:30:52,-20.2333,164.0167,296.44,87,56,3.71
145,Portland,US,2022-07-18 21:26:47,45.5234,-122.6762,299.29,56,20,4.63
146,Alta,NO,2022-07-18 21:30:53,69.9689,23.2717,284.74,94,100,5.14
147,Taksimo,RU,2022-07-18 21:30:55,56.3444,114.8794,289.34,82,0,0.15
148,Chililabombwe,ZM,2022-07-18 21:30:56,-12.3648,27.8229,284.85,58,4,2.06
149,Bilma,NE,2022-07-18 21:30:56,18.6853,12.9164,307.72,13,89,4.0
150,Boda,CF,2022-07-18 21:30:57,4.3189,17.4695,294.07,96,100,1.14
151,Constitucion,CL,2022-07-18 21:30:59,-35.3333,-72.4167,283.53,89,90,4.4
152,Khandyga,RU,2022-07-18 21:31:00,62.6667,135.6,295.53,51,100,2.37
153,Renkum,NL,2022-07-18 21:31:01,51.9767,5.7333,298.03,68,4,0.51
154,Manzhouli,CN,2022-07-18 21:31:01,49.6,117.4333,291.33,61,100,2.38
155,Okhotsk,RU,2022-07-18 21:31:03,59.3833,143.3,288.14,85,100,0.48
156,Vysokogornyy,RU,2022-07-18 21:31:05,50.1167,139.15,286.41,99,100,0.9
157,Saint Anthony,US,2022-07-18 21:30:40,45.0205,-93.218,309.76,44,0,6.17
158,Saskylakh,RU,2022-07-18 21:31:07,71.9167,114.0833,280.14,77,100,5.75
159,Palmer,US,2022-07-18 21:31:09,42.1584,-72.3287,297.71,85,100,3.6
160,Bukene,TZ,2022-07-18 21:31:11,-4.2333,32.8833,293.26,42,75,3.87
161,Komsomolskiy,UZ,2022-07-18 21:31:13,40.4272,71.7189,300.55,26,0,5.14
162,Santa Rosa,PH,2022-07-18 21:27:45,14.3122,121.1114,299.31,90,100,0.61
163,Arraial Do Cabo,BR,2022-07-18 21:31:15,-22.9661,-42.0278,295.07,88,20,2.06
164,Coihaique,CL,2022-07-18 21:31:16,-45.5752,-72.0662,278.12,70,75,2.06
165,Cayenne,GF,2022-07-18 21:31:17,4.9333,-52.3333,300.98,1,59,0.51
166,Carnarvon,AU,2022-07-18 21:31:21,-24.8667,113.6333,289.29,67,0,6.36
167,Xam Nua,LA,2022-07-18 21:31:22,20.4197,104.0439,294.26,95,100,1.25
168,Kargasok,RU,2022-07-18 21:31:24,59.0556,80.8572,285.68,81,74,4.14
169,Karpogory,RU,2022-07-18 21:31:25,64.0019,44.4451,288.83,77,100,1.99
170,Tanout,NE,2022-07-18 21:31:26,14.9709,8.8879,304.25,44,73,4.36
171,Krasnoselkup,RU,2022-07-18 21:31:27,65.7,82.4667,282.65,88,59,4.29
172,Sibolga,ID,2022-07-18 21:31:28,1.7427,98.7792,298.18,83,98,1.14
173,Mount Isa,AU,2022-07-18 21:27:51,-20.7333,139.5,284.02,54,0,0.51
174,Hofn,IS,2022-07-18 21:31:30,64.2539,-15.2082,283.64,83,77,4.14
175,Likhoslavl,RU,2022-07-18 21:31:31,57.1275,35.464,281.81,91,4,2.67
176,Chuy,UY,2022-07-18 21:31:32,-33.6971,-53.4616,282.17,82,2,1.06
177,Thompson,CA,2022-07-18 21:27:59,55.7435,-97.8558,296.24,56,40,2.06
178,Caborca,MX,2022-07-18 21:31:33,30.5838,-111.101,309.04,36,3,6.01
179,Ostrovnoy,RU,2022-07-18 21:29:54,68.0531,39.5131,285.42,89,8,4.21
180,Cabo San Lucas,MX,2022-07-18 21:31:35,22.8909,-109.9124,306.21,61,20,4.63
181,Lhokseumawe,ID,2022-07-18 21:32:36,5.1801,97.1507,299.76,85,97,4.3
182,Tabory,RU,2022-07-18 21:32:37,58.5198,64.5495,291.13,69,94,1.29
183,Mayo,US,2022-07-18 21:32:40,38.8876,-76.5119,306.7,77,40,7.2
184,Yellowknife,CA,2022-07-18 21:31:49,62.456,-114.3525,295.44,56,40,4.12
185,Raymond,US,2022-07-18 21:32:42,43.9015,-70.4703,296.61,87,100,2.27
186,Krasnoshchekovo,RU,2022-07-18 21:32:43,51.6708,82.7289,284.13,82,27,2.41
187,Yashan,CN,2022-07-18 21:32:44,22.1975,109.9419,299.31,97,94,1.45
188,Juneau,US,2022-07-18 21:31:26,58.3019,-134.4197,287.51,88,100,2.57
189,Shelby,US,2022-07-18 21:27:52,35.2001,-89.8668,306.01,67,75,3.6
190,Mariental,NA,2022-07-18 21:32:47,-24.6333,17.9667,286.33,30,0,5.17
191,San Patricio,US,2022-07-18 21:30:08,28.017,-97.5169,309.92,47,57,7.44
192,Panjab,AF,2022-07-18 21:32:49,34.388,67.0233,288.65,28,0,2.45
193,Beloha,MG,2022-07-18 21:32:50,-25.1667,45.05,290.43,82,0,4.59
194,Lasa,IT,2022-07-18 21:32:51,46.6166,10.7002,297.64,80,86,0.33
195,Porto Walter,BR,2022-07-18 21:32:52,-8.2686,-72.7439,298.44,90,60,1.29
196,Kedrovyy,RU,2022-07-18 21:32:53,56.1667,91.8167,284.38,99,100,4.82
197,Logrono,ES,2022-07-18 21:31:11,42.4667,-2.45,305.87,27,0,5.14
198,Mount Gambier,AU,2022-07-18 21:31:32,-37.8333,140.7667,275.1,100,40,0.0
199,Eydhafushi,MV,2022-07-18 21:32:54,5.1033,73.0708,301.06,74,100,7.8
200,Xining,CN,2022-07-18 21:32:55,36.6167,101.7667,282.51,90,41,1.82
201,Amga,RU,2022-07-18 21:32:56,60.8953,131.9608,293.69,63,100,3.13
202,Orvault,FR,2022-07-18 21:32:57,47.271,-1.6219,307.09,29,0,4.63
203,Monrovia,LR,2022-07-18 21:32:58,6.3005,-10.7969,297.81,78,95,6.78
204,Galveston,US,2022-07-18 21:31:38,29.3669,-94.9669,310.98,62,0,6.17
205,Donghai,CN,2022-07-18 21:33:01,22.9459,115.642,300.55,90,100,2.07
206,Liverpool,GB,2022-07-18 21:31:59,53.4106,-2.9779,302.2,46,0,2.57
207,Thinadhoo,MV,2022-07-18 21:33:02,0.5333,72.9333,301.43,72,99,5.72
208,Mahebourg,MU,2022-07-18 21:28:08,-20.4081,57.7,293.85,88,40,7.72
209,Novoseleznevo,RU,2022-07-18 21:33:04,55.6821,69.2056,286.81,81,26,2.74
210,Takaka,NZ,2022-07-18 21:33:05,-40.85,172.8,287.9,93,100,6.13
211,Lac-Megantic,CA,2022-07-18 21:30:09,45.5834,-70.8823,291.37,99,100,1.68
212,Bandarbeyla,SO,2022-07-18 21:33:06,9.4942,50.8122,297.46,79,78,15.72
213,Codrington,AU,2022-07-18 21:33:07,-38.2667,141.9667,281.26,72,100,2.17
214,Caravelas,BR,2022-07-18 21:33:08,-17.7125,-39.2481,294.74,75,38,2.18
215,Guia Lopes Da Laguna,BR,2022-07-18 21:33:09,-21.4578,-56.1142,298.03,46,89,1.15
216,Port Lavaca,US,2022-07-18 21:33:09,28.615,-96.6261,309.35,57,0,6.17
217,Pihani,IN,2022-07-18 21:33:10,27.6333,80.2,305.04,54,72,3.81
218,Verkhnevilyuysk,RU,2022-07-18 21:33:11,63.4453,120.3167,290.57,88,100,2.13
219,Saint-Joseph,RE,2022-07-18 21:33:12,-21.3667,55.6167,292.36,80,34,8.12
220,Gat,IL,2022-07-18 21:32:03,31.61,34.7642,300.04,79,0,0.07
221,Mokobeng,BW,2022-07-18 21:33:15,-22.9965,27.6678,286.34,65,0,2.13
222,Touros,BR,2022-07-18 21:33:16,-5.1989,-35.4608,297.81,84,85,6.54
223,Ilhabela,BR,2022-07-18 21:33:17,-23.7781,-45.3581,293.61,94,98,2.15
224,Otukpo,NG,2022-07-18 21:33:19,7.1913,8.1329,295.36,82,59,2.24
225,Havre-Saint-Pierre,CA,2022-07-18 21:33:20,50.2334,-63.5986,291.35,77,40,7.2
226,Guerrero Negro,MX,2022-07-18 21:31:29,27.9769,-114.0611,301.34,47,3,5.69
227,Tuatapere,NZ,2022-07-18 21:34:22,-46.1333,167.6833,280.29,91,100,1.55
228,Alofi,NU,2022-07-18 21:34:23,-19.0595,-169.9187,298.09,73,75,6.69
229,Tual,ID,2022-07-18 21:30:17,-5.6667,132.75,299.56,81,34,8.72
230,Taloqan,AF,2022-07-18 21:34:25,36.7361,69.5345,301.2,14,0,2.85
231,Salalah,OM,2022-07-18 21:34:26,17.0151,54.0924,299.2,89,100,1.54
232,Rock Sound,BS,2022-07-18 21:29:59,24.9,-76.2,301.33,72,5,5.02
233,Acarau,BR,2022-07-18 21:34:28,-2.8856,-40.12,298.87,72,31,7.74
234,Belle Fourche,US,2022-07-18 21:34:31,44.6714,-103.8522,312.87,14,70,5.94
235,Claveria,PH,2022-07-18 21:34:32,18.6074,121.0832,299.26,86,72,2.41
236,Olafsvik,IS,2022-07-18 21:34:33,64.8945,-23.7142,285.03,76,99,2.17
237,Cochrane,CA,2022-07-18 21:32:30,51.1834,-114.4687,291.9,68,75,4.12
238,Washington,US,2022-07-18 21:30:31,47.5001,-120.5015,300.13,34,0,3.65
239,Bud,US,2022-07-18 21:34:37,39.447,-86.1758,302.55,78,33,0.16
240,Sault Sainte Marie,CA,2022-07-18 21:30:47,46.5168,-84.3333,304.31,40,0,6.17
241,Santa Cruz,BO,2022-07-18 21:34:40,-17.8,-63.1667,299.85,57,75,5.14
242,Padang,ID,2022-07-18 21:34:41,-0.9492,100.3543,297.79,75,9,1.63
243,Xinqing,CN,2022-07-18 21:34:44,48.2333,129.5,291.12,98,100,1.12
244,Banjar,ID,2022-07-18 21:34:45,-8.19,114.9675,296.86,87,100,2.14
245,Baker City,US,2022-07-18 21:34:46,44.7749,-117.8344,297.37,35,0,2.06
246,Contai,IN,2022-07-18 21:34:47,21.7786,87.7536,301.13,85,100,4.75
247,Port Keats,AU,2022-07-18 21:34:48,-14.25,129.55,291.25,77,11,2.72
248,Eyl,SO,2022-07-18 21:34:49,7.9803,49.8164,298.26,67,98,12.18
249,Ilulissat,GL,2022-07-18 21:34:50,69.2167,-51.1,284.16,62,20,1.54
250,Mangan,IN,2022-07-18 21:31:44,27.5167,88.5333,297.49,98,100,0.47
251,Griffith,US,2022-07-18 21:34:52,41.5284,-87.4237,305.11,44,40,1.54
252,Pacific Grove,US,2022-07-18 21:30:26,36.6177,-121.9166,303.36,74,0,3.6
253,Altamont,US,2022-07-18 21:34:54,42.2068,-121.7372,305.8,17,0,3.6
254,Pangody,RU,2022-07-18 21:34:55,65.85,74.4859,285.65,68,18,3.83
255,Oussouye,SN,2022-07-18 21:34:56,12.485,-16.5469,301.25,70,84,3.36
256,Kavaratti,IN,2022-07-18 21:34:57,10.5669,72.642,299.87,81,100,10.05
257,Manbij,SY,2022-07-18 21:34:58,36.5281,37.9549,301.83,36,0,5.44
258,Vila Velha,BR,2022-07-18 21:30:39,-20.3297,-40.2925,297.12,82,0,3.09
259,Sola,VU,2022-07-18 21:35:00,-13.8833,167.55,300.52,83,100,2.06
260,Egvekinot,RU,2022-07-18 21:35:00,66.3167,-179.1667,279.94,52,100,5.66
261,Karakol,KG,2022-07-18 21:35:01,42.4907,78.3936,288.12,53,3,1.39
262,Mehamn,NO,2022-07-18 21:35:02,71.0357,27.8492,288.12,72,0,2.06
263,Rey Bouba,CM,2022-07-18 21:35:03,8.6724,14.1786,295.83,94,77,1.37
264,Paka,MY,2022-07-18 21:35:05,4.6374,103.4368,299.11,94,100,0.51
265,Myaundzha,RU,2022-07-18 21:35:06,63.0494,147.1858,294.34,70,95,3.35
266,Hamilton,US,2022-07-18 21:35:07,39.1834,-84.5333,302.77,67,75,2.06
267,Lucea,JM,2022-07-18 21:35:09,18.451,-78.1736,304.07,80,97,5.93
268,Damaturu,NG,2022-07-18 21:35:09,11.747,11.9608,298.23,74,60,3.46
269,Nemuro,JP,2022-07-18 21:35:10,43.3236,145.575,288.97,99,100,3.0
270,Cabedelo,BR,2022-07-18 21:32:53,-6.9811,-34.8339,297.52,85,40,7.61
271,Longyearbyen,SJ,2022-07-18 21:31:48,78.2186,15.6401,284.06,66,75,8.23
272,Vardo,NO,2022-07-18 21:34:27,70.3705,31.1107,285.14,87,28,2.06
273,Osakarovka,KZ,2022-07-18 21:33:36,50.565,72.5692,289.7,74,52,0.99
274,Price,US,2022-07-18 21:36:15,39.5994,-110.8107,308.74,15,0,2.2
275,Bahia Blanca,AR,2022-07-18 21:36:15,-38.7196,-62.2724,280.87,34,19,1.87
276,Dunedin,NZ,2022-07-18 21:36:16,-45.8742,170.5036,283.6,91,100,2.21
277,Goure,NE,2022-07-18 21:36:17,13.9835,10.2704,300.38,60,56,5.53
278,Sayyan,YE,2022-07-18 21:36:19,15.1718,44.3244,292.38,42,98,1.39
279,Mananara,MG,2022-07-18 21:36:19,-16.1667,49.7667,292.76,89,43,4.01
280,Arlit,NE,2022-07-18 21:36:20,18.7369,7.3853,306.12,31,83,3.92
281,Sungaipenuh,ID,2022-07-18 21:36:21,-2.0833,101.3833,290.93,95,36,1.06
282,Narodychi,UA,2022-07-18 21:36:22,51.2029,29.0823,287.75,73,66,2.67
283,Coquimbo,CL,2022-07-18 21:34:15,-29.9533,-71.3436,288.0,77,0,3.6
284,Batemans Bay,AU,2022-07-18 21:36:23,-35.7167,150.1833,282.09,71,80,3.21
285,Smithers,CA,2022-07-18 21:36:23,54.7804,-127.1743,292.33,63,75,1.54
286,Kayerkan,RU,2022-07-18 21:36:24,69.3497,87.7602,286.22,71,93,0.46
287,Faanui,PF,2022-07-18 21:36:25,-16.4833,-151.75,298.04,67,72,3.13
288,Rolante,BR,2022-07-18 21:36:26,-29.6506,-50.5758,289.07,97,5,0.72
289,Dhidhdhoo,MV,2022-07-18 21:36:27,6.8833,73.1,300.91,72,100,6.3
290,Manokwari,ID,2022-07-18 21:36:28,-0.8667,134.0833,299.11,75,74,0.67
291,Lovozero,RU,2022-07-18 21:36:28,68.005,35.0117,284.93,78,7,3.03
292,Upernavik,GL,2022-07-18 21:36:30,72.7868,-56.1549,279.77,75,100,0.17
293,Mkushi,ZM,2022-07-18 21:36:32,-13.6202,29.3939,285.39,72,21,2.59
294,Daru,PG,2022-07-18 21:36:33,-9.0763,143.2092,298.13,91,89,7.4
295,Bentiu,SS,2022-07-18 21:36:35,9.2333,29.8333,293.89,96,49,1.5
296,Korhogo,CI,2022-07-18 21:36:36,9.45,-5.6333,295.11,91,57,2.14
297,Kanye,BW,2022-07-18 21:36:37,-24.9667,25.3327,282.75,60,0,2.39
298,Aklavik,CA,2022-07-18 21:36:03,68.2191,-135.0107,293.04,58,100,5.83
299,Abilene,US,2022-07-18 21:33:03,32.4487,-99.7331,316.58,15,0,3.09
300,Pringsewu,ID,2022-07-18 21:35:32,-5.3582,104.9744,295.39,97,56,0.53
301,Sao Filipe,CV,2022-07-18 21:36:41,14.8961,-24.4956,297.58,81,20,4.66
302,Westport,US,2022-07-18 21:31:47,41.1415,-73.3579,300.29,96,100,6.69
303,Tilichiki,RU,2022-07-18 21:36:42,60.4667,166.1,288.75,60,100,2.08
304,Alta Floresta,BR,2022-07-18 21:34:44,-9.8756,-56.0861,300.51,29,1,1.74
305,Cascais,PT,2022-07-18 21:36:44,38.6979,-9.4215,294.78,72,20,6.26
306,Aswan,EG,2022-07-18 21:36:45,24.0934,32.907,304.85,19,3,4.12
307,Churapcha,RU,2022-07-18 21:36:46,62.0025,132.4325,295.16,50,100,5.33
308,Kostyantynivka,UA,2022-07-18 21:36:46,48.5277,37.7069,287.37,70,0,2.87
309,Yashkul,RU,2022-07-18 21:36:48,46.1711,45.3435,299.79,47,19,3.57
310,Khokhlovo,RU,2022-07-18 21:36:49,59.1492,37.3998,284.82,85,100,2.65
311,Asau,RO,2022-07-18 21:36:50,46.4333,26.4,289.24,75,94,1.41
312,Magomeni,TZ,2022-07-18 21:36:51,-6.8,39.25,295.44,84,6,3.2
313,Abu Samrah,SY,2022-07-18 21:36:52,35.3029,37.1841,300.2,47,0,3.58
314,Dukat,RU,2022-07-18 21:36:52,62.55,155.55,293.8,61,64,2.8
315,Sur,OM,2022-07-18 21:36:53,22.5667,59.5289,302.43,87,38,2.29
316,Zaraza,VE,2022-07-18 21:36:54,9.3503,-65.3245,298.7,85,88,3.4
317,Sitka,US,2022-07-18 21:35:38,57.0531,-135.33,285.09,94,100,3.6
318,Raudeberg,NO,2022-07-18 21:36:55,61.9875,5.1352,285.52,83,98,4.28
319,Hobyo,SO,2022-07-18 21:37:56,5.3505,48.5268,297.46,80,51,11.35
320,Broken Hill,AU,2022-07-18 21:37:57,-31.95,141.4333,276.85,72,5,3.03
321,Kalga,RU,2022-07-18 21:37:58,50.9251,118.898,290.83,75,29,1.47
322,Sinnamary,GF,2022-07-18 21:34:10,5.3833,-52.95,299.16,85,29,3.89
323,Lebu,CL,2022-07-18 21:38:02,-37.6167,-73.65,280.78,74,91,2.52
324,Beroroha,MG,2022-07-18 21:38:03,-21.6667,45.1667,292.07,62,0,3.11
325,Grindavik,IS,2022-07-18 21:38:04,63.8424,-22.4338,286.12,82,75,2.57
326,Pisco,PE,2022-07-18 21:38:06,-13.7,-76.2167,291.18,72,0,3.6
327,Viedma,AR,2022-07-18 21:38:07,-40.8135,-62.9967,279.86,37,34,3.5
328,Timra,SE,2022-07-18 21:38:08,62.487,17.3257,285.97,88,100,2.06
329,Burgos,ES,2022-07-18 21:38:09,42.3394,-3.7079,299.38,25,31,3.09
330,Vila Franca Do Campo,PT,2022-07-18 21:38:10,37.7167,-25.4333,295.38,90,38,0.91
331,Skelleftea,SE,2022-07-18 21:38:11,64.7507,20.9528,288.35,63,100,2.57
332,Agnibilekrou,CI,2022-07-18 21:38:12,7.1344,-3.2047,293.84,88,78,2.17
333,Vagur,FO,2022-07-18 21:38:14,61.4732,-6.8119,283.72,88,100,6.86
334,Hervey Bay,AU,2022-07-18 21:38:15,-25.2986,152.8535,289.52,71,48,4.82
335,Mildura,AU,2022-07-18 21:38:16,-34.2,142.15,279.3,86,6,4.31
336,Yakeshi,CN,2022-07-18 21:38:17,49.2833,120.7333,290.74,92,100,0.63
337,Florianopolis,BR,2022-07-18 21:33:18,-27.6146,-48.5012,289.72,78,75,3.09
338,Barrow,US,2022-07-18 21:38:19,71.2906,-156.7887,280.16,76,100,11.83
339,Chapais,CA,2022-07-18 21:38:20,49.7834,-74.8492,301.03,46,75,2.61
340,Rafaela,AR,2022-07-18 21:38:21,-31.2503,-61.4867,288.15,54,18,2.71
341,Ziniare,BF,2022-07-18 21:38:22,12.5822,-1.2983,301.17,72,65,4.99
342,Moose Factory,CA,2022-07-18 21:34:02,51.2585,-80.6094,299.15,65,40,6.17
343,Hammerfest,NO,2022-07-18 21:38:24,70.6634,23.6821,283.4,100,75,1.54
344,Puerto Escondido,MX,2022-07-18 21:33:43,15.85,-97.0667,302.8,72,32,2.56
345,Buarcos,PT,2022-07-18 21:38:25,40.166,-8.8768,293.52,89,2,2.77
346,Marsabit,KE,2022-07-18 21:36:35,2.3284,37.9899,290.51,62,92,11.4
347,Tara,RU,2022-07-18 21:38:28,56.8944,74.371,286.0,84,93,2.52
348,Aykhal,RU,2022-07-18 21:36:54,66.0,111.5,281.88,87,100,2.51
349,Andrews,US,2022-07-18 21:36:13,32.3187,-102.5457,312.12,19,0,4.63
350,Mugumu,TZ,2022-07-18 21:38:31,-1.85,34.7,290.51,58,83,1.62
351,Coracora,PE,2022-07-18 21:38:33,-15.0333,-73.7833,286.73,42,99,2.64
352,Bundaberg,AU,2022-07-18 21:38:05,-24.85,152.35,285.49,90,16,0.45
353,Husavik,IS,2022-07-18 21:38:34,66.0449,-17.3389,283.84,80,81,1.49
354,Meulaboh,ID,2022-07-18 21:33:42,4.1363,96.1285,297.3,87,73,2.08
355,Sidrolandia,BR,2022-07-18 21:38:36,-20.9319,-54.9614,298.04,38,100,2.48
356,Nantucket,US,2022-07-18 21:38:37,41.2835,-70.0995,297.59,94,100,4.12
357,Betsiamites,CA,2022-07-18 21:38:38,48.9413,-68.646,295.2,89,96,1.94
358,Ipswich,GB,2022-07-18 21:38:40,52.0592,1.1555,299.48,51,0,4.63
359,Langham,CA,2022-07-18 21:38:42,52.3668,-106.9679,301.06,37,100,4.73
360,Alyangula,AU,2022-07-18 21:38:43,-13.8483,136.4192,293.73,78,83,3.38
361,Chunhuhub,MX,2022-07-18 21:38:44,19.55,-88.6833,308.93,36,75,3.77
362,Iqaluit,CA,2022-07-18 21:38:44,63.7506,-68.5145,279.0,86,75,3.6
363,Zambezi,ZM,2022-07-18 21:38:45,-13.5432,23.1047,284.3,44,7,1.99
364,Nachingwea,TZ,2022-07-18 21:38:46,-10.3833,38.7667,291.96,82,84,2.39
365,La Ceiba,HN,2022-07-18 21:39:48,15.7597,-86.7822,303.05,74,75,5.66
366,Xingcheng,CN,2022-07-18 21:39:49,40.6167,120.7167,296.07,74,1,1.6
367,Agadir,MA,2022-07-18 21:39:50,30.4202,-9.5982,298.4,76,31,3.53
368,Kavieng,PG,2022-07-18 21:39:51,-2.5744,150.7967,301.43,76,100,5.36
369,Ulaangom,MN,2022-07-18 21:39:52,49.9811,92.0667,287.06,68,99,1.19
370,Les Escoumins,CA,2022-07-18 21:39:53,48.1111,-69.0236,286.79,59,59,4.75
371,Faya,SA,2022-07-18 21:35:02,18.3851,42.4509,294.21,38,51,1.76
372,Cherskiy,RU,2022-07-18 21:39:54,68.75,161.3,288.02,47,58,4.38
373,Erenhot,CN,2022-07-18 21:39:56,43.6475,111.9767,295.89,27,100,3.26
374,Isangel,VU,2022-07-18 21:39:57,-19.55,169.2667,299.21,83,75,0.0
375,Toora-Khem,RU,2022-07-18 21:35:41,52.4675,96.11,283.57,81,100,2.01
376,Mahajanga,MG,2022-07-18 21:40:00,-15.7167,46.3167,295.16,56,20,5.14
377,Barcelona,ES,2022-07-18 21:36:00,41.3888,2.159,301.82,87,20,2.06
378,Venado Tuerto,AR,2022-07-18 21:40:02,-33.7456,-61.9688,285.24,32,97,3.51
379,San Quintin,MX,2022-07-18 21:40:03,30.4833,-115.95,297.33,61,2,4.21
380,Devils Lake,US,2022-07-18 21:40:05,48.1128,-98.8651,305.21,55,0,2.06
381,Flinders,AU,2022-07-18 21:40:07,-34.5833,150.8552,282.69,72,52,4.92
382,Buala,SB,2022-07-18 21:40:08,-8.145,159.5921,301.62,68,28,2.7
383,Baiyin,CN,2022-07-18 21:35:12,36.5583,104.2081,288.66,75,99,1.35
384,Quelimane,MZ,2022-07-18 21:40:12,-17.8786,36.8883,293.12,94,0,0.0
385,Buraydah,SA,2022-07-18 21:40:12,26.326,43.975,308.4,12,6,4.04
386,Orbetello,IT,2022-07-18 21:40:13,42.4408,11.2196,300.16,53,45,2.57
387,Brae,GB,2022-07-18 21:40:14,60.3964,-1.353,286.23,87,72,3.31
388,Coahuayana,MX,2022-07-18 21:40:15,18.7333,-103.6833,304.1,65,98,2.48
389,Mikkeli,FI,2022-07-18 21:40:17,61.6886,27.2723,286.01,94,0,0.0
390,Hendersonville,US,2022-07-18 21:36:22,36.3048,-86.62,302.48,75,80,1.44
391,Mandalgovi,MN,2022-07-18 21:40:18,45.7625,106.2708,293.41,38,99,3.61
392,Wellington,NZ,2022-07-18 21:37:21,-41.2866,174.7756,287.63,85,75,12.35
393,Gazanjyk,TM,2022-07-18 21:40:19,39.2446,55.5154,307.03,12,0,5.49
394,Manono,CD,2022-07-18 21:40:21,-7.3,27.4167,296.13,40,5,1.77
395,Daokou,CN,2022-07-18 21:40:22,35.5639,114.5058,299.54,59,100,1.39
396,Kaohsiung,TW,2022-07-18 21:40:23,22.6163,120.3133,300.95,89,40,3.09
397,Plettenberg Bay,ZA,2022-07-18 21:39:11,-34.0527,23.3716,288.45,86,85,2.12
398,Esna,EG,2022-07-18 21:40:26,25.2934,32.554,304.44,17,16,3.57
399,Phuket,TH,2022-07-18 21:40:27,8.0,98.25,303.78,83,20,3.09
400,Celestun,MX,2022-07-18 21:40:30,20.8667,-90.4,303.19,69,44,6.18
401,Santa Maria Da Vitoria,BR,2022-07-18 21:40:31,-13.3947,-44.1886,299.88,39,48,5.07
402,Baie-Comeau,CA,2022-07-18 21:38:35,49.2168,-68.1489,294.97,60,0,4.12
403,Ola,RU,2022-07-18 21:37:19,59.5833,151.2833,287.12,86,93,3.26
404,General Pico,AR,2022-07-18 21:40:36,-35.6566,-63.7568,281.29,30,11,1.83
405,Tautira,PF,2022-07-18 21:39:01,-17.7333,-149.15,297.39,73,15,3.07
406,Sisimiut,GL,2022-07-18 21:40:38,66.9395,-53.6735,280.77,88,100,1.69
407,Karoi,ZW,2022-07-18 21:40:39,-16.8099,29.6925,283.86,72,18,1.88
408,Rexburg,US,2022-07-18 21:37:31,43.826,-111.7897,304.14,23,0,11.32
409,Atambua,ID,2022-07-18 21:41:41,-9.1061,124.8925,290.31,82,100,2.67
410,Gasa,PS,2022-07-18 21:41:41,31.5,34.4667,298.52,79,0,0.24
411,Dingle,PH,2022-07-18 21:41:43,10.9995,122.6711,297.04,96,100,2.65
412,Niquero,CU,2022-07-18 21:41:44,20.0431,-77.5828,303.9,64,15,3.56
413,Petropavlovsk-Kamchatskiy,RU,2022-07-18 21:41:45,53.0452,158.6483,285.48,100,100,2.0
414,Garoua,CM,2022-07-18 21:41:46,9.3,13.4,296.78,89,65,2.2
415,Belem De Sao Francisco,BR,2022-07-18 21:41:47,-8.7539,-38.9658,297.41,57,4,6.6
416,Mecca,SA,2022-07-18 21:41:48,21.4267,39.8261,304.84,22,43,2.45
417,Clearwater,US,2022-07-18 21:41:41,27.9659,-82.8001,306.6,67,75,6.69
418,Beyneu,KZ,2022-07-18 21:41:50,45.3167,55.2,305.75,22,0,8.34
419,Turukhansk,RU,2022-07-18 21:41:51,65.8167,87.9833,287.14,68,100,4.84
420,Kununurra,AU,2022-07-18 21:38:06,-15.7667,128.7333,286.14,94,20,1.54
421,Methoni,GR,2022-07-18 21:41:54,36.8197,21.7049,299.07,59,0,3.04
422,Chernyy Yar,RU,2022-07-18 21:41:56,48.0624,46.1091,296.6,54,1,7.27
423,Tura,IN,2022-07-18 21:41:57,25.5198,90.2201,296.63,97,98,2.41
424,Paducah,US,2022-07-18 21:39:44,37.0834,-88.6001,305.43,57,20,0.0
425,Takoradi,GH,2022-07-18 21:41:59,4.8845,-1.7554,296.69,82,85,4.22
426,Baykit,RU,2022-07-18 21:42:00,61.67,96.37,286.51,98,98,2.05
427,Kungurtug,RU,2022-07-18 21:42:01,50.5994,97.5228,283.58,98,100,1.37
428,Luderitz,NA,2022-07-18 21:42:02,-26.6481,15.1594,287.34,85,0,5.81
429,Pevek,RU,2022-07-18 21:42:03,69.7008,170.3133,273.73,80,100,1.13
430,Mosquera,CO,2022-07-18 21:38:17,4.7059,-74.2302,290.2,55,75,6.17
431,Alice Springs,AU,2022-07-18 21:42:05,-23.7,133.8833,277.9,48,85,0.51
432,Roma,US,2022-07-18 21:42:06,43.2128,-75.4557,299.46,84,100,1.34
433,Zunyi,CN,2022-07-18 21:42:08,27.6867,106.9072,294.27,98,99,0.58
434,Gold Coast,AU,2022-07-18 21:39:07,-28.0,153.4333,287.19,83,0,4.12
435,Vangaindrano,MG,2022-07-18 21:42:09,-23.35,47.6,292.61,79,99,3.47
436,Dicabisagan,PH,2022-07-18 21:42:11,17.0818,122.4157,299.7,85,89,1.65
437,Fortuna,US,2022-07-18 21:42:13,40.5982,-124.1573,295.89,65,18,1.34
438,Belaya Gora,RU,2022-07-18 21:42:15,68.5333,146.4167,283.86,53,100,5.28
439,Port Lincoln,AU,2022-07-18 21:42:16,-34.7333,135.8667,284.73,62,100,4.39
440,Tromso,NO,2022-07-18 21:42:17,69.6496,18.957,284.16,82,75,2.57
441,Bilibino,RU,2022-07-18 21:39:32,68.0546,166.4372,281.66,60,100,1.83
442,Biltine,TD,2022-07-18 21:42:18,14.5333,20.9167,303.76,48,27,3.5
443,Batagay-Alyta,RU,2022-07-18 21:42:19,67.8006,130.4114,281.79,92,100,2.48
444,Kloulklubed,PW,2022-07-18 21:42:21,7.0419,134.2556,301.21,69,89,0.87
445,Kodinsk,RU,2022-07-18 21:42:22,58.6881,99.1844,283.72,97,38,2.0
446,Lagoa,PT,2022-07-18 21:37:29,39.05,-27.9833,294.0,88,95,5.53
447,Florida,US,2022-07-18 21:42:26,28.7505,-82.5001,306.14,71,40,5.14
448,Bakchar,RU,2022-07-18 21:42:27,57.0186,82.0711,283.22,97,52,2.49
449,Tocopilla,CL,2022-07-18 21:41:53,-22.092,-70.1979,290.76,69,30,3.49
450,Santa Flavia,IT,2022-07-18 21:42:28,38.085,13.5351,302.47,37,3,1.79
451,Nouadhibou,MR,2022-07-18 21:42:29,20.931,-17.0347,295.14,83,17,5.66
452,Basoko,CD,2022-07-18 21:42:30,1.2391,23.616,294.26,95,100,1.23
453,Ust-Maya,RU,2022-07-18 21:42:31,60.4167,134.5333,294.95,51,100,4.43
454,Omboue,GA,2022-07-18 21:43:32,-1.5746,9.2618,295.69,84,57,3.05
455,Pangnirtung,CA,2022-07-18 21:43:33,66.1451,-65.7125,280.15,81,75,6.69
456,Carutapera,BR,2022-07-18 21:43:34,-1.195,-46.02,298.66,84,77,3.84
457,Visnes,NO,2022-07-18 21:43:35,59.3556,5.2242,288.27,94,0,1.03
458,Kirakira,SB,2022-07-18 21:43:36,-10.4544,161.9205,300.81,76,16,3.09
459,Banda Aceh,ID,2022-07-18 21:43:37,5.5577,95.3222,299.14,79,24,4.5
460,Lokomotivnyy,RU,2022-07-18 21:43:38,53.0118,60.5684,290.5,91,0,3.25
461,Taoudenni,ML,2022-07-18 21:43:39,22.6783,-3.9836,311.07,6,0,2.7
462,Nioro,GM,2022-07-18 21:43:40,13.35,-15.75,299.75,81,100,2.3
463,Vallenar,CL,2022-07-18 21:43:41,-28.5708,-70.7581,292.87,30,0,1.22
464,Catamarca,AR,2022-07-18 21:43:43,-28.4696,-65.7852,284.44,41,0,0.94
465,Forest Grove,US,2022-07-18 21:43:44,45.5198,-123.1107,299.13,55,20,3.09
466,Pandan,PH,2022-07-18 21:43:45,14.0453,124.1694,299.37,87,15,1.79
467,Fare,PF,2022-07-18 21:43:46,-16.7,-151.0167,297.4,70,10,2.01
468,Kenai,US,2022-07-18 21:43:47,60.5544,-151.2583,291.2,73,0,8.23
469,Cockburn Town,TC,2022-07-18 21:43:49,21.4612,-71.1419,303.13,62,40,5.66
470,Iskateley,RU,2022-07-18 21:43:51,67.6803,53.1512,288.35,78,51,3.81
471,Ornskoldsvik,SE,2022-07-18 21:43:52,63.2909,18.7153,285.68,94,100,2.57
472,Arinos,BR,2022-07-18 21:43:53,-15.9169,-46.1056,295.81,38,2,1.63
473,Vanderhoof,CA,2022-07-18 21:39:12,54.0166,-124.0198,298.09,41,92,4.6
474,Port Macquarie,AU,2022-07-18 21:43:56,-31.4333,152.9167,282.79,71,37,4.94
475,Diffa,NE,2022-07-18 21:43:57,13.3154,12.6113,300.79,62,50,4.21
476,Felanitx,ES,2022-07-18 21:43:58,39.4696,3.1483,301.46,63,0,1.65
477,Phalaborwa,ZA,2022-07-18 21:44:00,-23.943,31.1411,290.44,61,0,0.16
478,Jumla,NP,2022-07-18 21:44:01,29.2747,82.1838,290.83,93,89,0.87
479,Altamira,BR,2022-07-18 21:44:02,-3.2033,-52.2064,299.39,64,59,1.56
480,Ihiala,NG,2022-07-18 21:44:03,5.8538,6.8603,295.19,88,93,1.82
481,Tibagi,BR,2022-07-18 21:44:04,-24.5094,-50.4136,290.15,97,98,1.61
482,Tabuk,PH,2022-07-18 21:44:05,17.4189,121.4443,296.57,91,99,1.25
483,Balkanabat,TM,2022-07-18 21:44:06,39.5108,54.3671,309.05,11,0,5.21
484,Slonim,BY,2022-07-18 21:44:08,53.0867,25.3219,287.19,97,100,2.96
485,Qinzhou,CN,2022-07-18 21:44:10,21.95,108.6167,301.39,84,100,3.42
486,Kidal,ML,2022-07-18 21:44:13,18.4411,1.4078,301.96,46,99,4.77
487,Sorland,NO,2022-07-18 21:44:15,67.667,12.6934,284.07,84,88,5.81
488,Maceio,BR,2022-07-18 21:39:44,-9.6658,-35.7353,298.84,78,40,4.12
489,Ossora,RU,2022-07-18 21:44:18,59.2353,163.0719,290.04,82,88,2.91
490,Olinda,BR,2022-07-18 21:43:58,-8.0089,-34.8553,299.0,69,75,7.2
491,Terney,RU,2022-07-18 21:44:20,45.0503,136.6092,291.64,87,80,0.47
492,Matara,LK,2022-07-18 21:44:21,5.9485,80.5353,299.36,84,64,6.55
493,Tahta,EG,2022-07-18 21:44:21,26.7693,31.5021,303.54,20,8,3.14
494,Sajanan,TN,2022-07-18 21:44:22,37.0573,9.2426,302.66,40,0,5.24
495,Lappeenranta,FI,2022-07-18 21:44:23,61.0587,28.1887,286.18,82,0,2.06
496,Anaconda,US,2022-07-18 21:40:33,46.1285,-112.9423,300.7,19,0,10.19
497,Sabha,LY,2022-07-18 21:44:26,27.0377,14.4283,302.42,29,0,10.46
498,Sechura,PE,2022-07-18 21:44:27,-5.5569,-80.8222,295.36,61,84,6.45
499,Kuala Terengganu,MY,2022-07-18 21:44:28,5.3302,103.1408,300.12,94,20,1.54
500,Yerbogachen,RU,2022-07-18 21:45:29,61.2767,108.0108,288.11,79,36,2.54
501,Launceston,AU,2022-07-18 21:45:30,-41.45,147.1667,273.23,90,100,1.54
502,Verkhnyaya Inta,RU,2022-07-18 21:45:31,65.9811,60.3094,287.77,76,13,1.6
503,Itacare,BR,2022-07-18 21:45:31,-14.2775,-38.9967,295.78,77,6,4.53
504,Cotonou,BJ,2022-07-18 21:45:32,6.3654,2.4183,298.14,88,40,6.69
505,Lisakovsk,KZ,2022-07-18 21:45:33,52.5369,62.4936,292.51,80,0,3.12
506,Muyezerskiy,RU,2022-07-18 21:45:34,63.9333,31.65,283.72,95,85,1.65
507,Nizhnekamsk,RU,2022-07-18 21:45:35,55.6366,51.8245,295.59,68,40,4.0
508,Bubaque,GW,2022-07-18 21:45:35,11.2833,-15.8333,299.5,84,99,5.51
509,Axim,GH,2022-07-18 21:45:36,4.8699,-2.2405,297.0,79,95,4.17
510,Darhan,MN,2022-07-18 21:45:37,49.4867,105.9228,290.58,60,24,2.33
511,Sawakin,SD,2022-07-18 21:45:38,19.1059,37.3321,303.68,62,56,2.23
512,Morondava,MG,2022-07-18 21:45:39,-20.2833,44.2833,294.78,53,0,6.01
513,Semporna,MY,2022-07-18 21:45:39,4.4818,118.6112,299.16,87,100,1.67
514,Naze,JP,2022-07-18 21:45:40,28.3667,129.4833,299.66,87,100,7.41
515,Peterhead,GB,2022-07-18 21:45:41,57.5058,-1.7981,294.37,86,78,2.77
516,Mozhaysk,RU,2022-07-18 21:45:42,55.5019,36.0272,281.64,92,8,2.87
517,Longjiang,CN,2022-07-18 21:45:42,47.3303,123.1836,292.82,89,38,2.81
518,Caucaia,BR,2022-07-18 21:45:44,-3.7361,-38.6531,300.12,70,0,4.12
519,Huancavelica,PE,2022-07-18 21:45:45,-12.7667,-74.9833,277.31,77,97,2.85
520,Kaniama,CD,2022-07-18 21:45:46,-7.5667,24.1833,296.94,35,86,1.73
521,Necochea,AR,2022-07-18 21:43:07,-38.5473,-58.7368,279.47,75,8,4.32
522,Nivala,FI,2022-07-18 21:45:47,63.9167,24.9667,284.64,93,85,2.43
523,Aanekoski,FI,2022-07-18 21:45:48,62.6946,25.818,285.29,100,57,1.34
524,Skerries,IE,2022-07-18 21:45:49,53.5828,-6.1083,298.75,80,100,1.52
525,Berezovyy,RU,2022-07-18 21:45:50,51.6667,135.7,287.47,99,100,1.69
526,Svetlyy,RU,2022-07-18 21:45:51,54.675,20.1347,289.24,83,99,3.68
527,San Pedro,PH,2022-07-18 21:45:52,14.35,121.0167,298.88,92,40,0.51
528,Tigil,RU,2022-07-18 21:45:54,57.8,158.6667,290.33,73,100,1.54
529,Bulgan,MN,2022-07-18 21:45:55,48.8125,103.5347,286.07,80,68,1.49
530,Zonguldak,TR,2022-07-18 21:45:56,41.25,31.8333,284.95,92,18,1.29
531,Kashi,CN,2022-07-18 21:45:57,39.4547,75.9797,304.71,6,0,8.0
532,Comodoro Rivadavia,AR,2022-07-18 21:45:58,-45.8667,-67.5,282.07,46,0,10.29
533,Santa Maria,BR,2022-07-18 21:44:49,-29.6842,-53.8069,284.76,82,0,1.03
534,Gannan,CN,2022-07-18 21:46:00,47.9147,123.5031,293.19,86,93,2.5
535,Gushikawa,JP,2022-07-18 21:46:01,26.3544,127.8686,301.92,84,40,3.09
536,Kikwit,CD,2022-07-18 21:46:02,-5.041,18.8162,298.33,60,73,1.14
537,Pitimbu,BR,2022-07-18 21:46:03,-7.4706,-34.8086,297.48,84,69,7.23
538,Zlobin,HR,2022-07-18 21:46:04,45.2924,14.6541,294.76,29,0,3.6
539,Madhogarh,IN,2022-07-18 21:46:05,26.276,79.1869,307.43,47,97,3.17
540,Berlevag,NO,2022-07-18 21:46:07,70.8578,29.0864,288.15,72,20,2.06
541,Malakal,SS,2022-07-18 21:46:09,9.5334,31.6605,293.61,94,37,0.27
542,Formosa,AR,2022-07-18 21:46:10,-26.1775,-58.1781,287.14,88,100,2.06
543,Warri,NG,2022-07-18 21:46:11,5.5167,5.75,296.16,84,92,1.67
544,Singaparna,ID,2022-07-18 21:46:13,-7.3515,108.111,294.18,98,92,0.4
545,Sao Jose Da Coroa Grande,BR,2022-07-18 21:46:14,-8.8978,-35.1478,297.27,82,16,5.63
546,Cubara,CO,2022-07-18 21:46:15,7.0008,-72.1085,297.61,87,97,0.3
547,Sokolka,PL,2022-07-18 21:46:16,53.4072,23.5023,287.96,97,99,2.71
548,Pontianak,ID,2022-07-18 21:47:18,-0.0333,109.3333,296.14,100,79,0.0
549,Inta,RU,2022-07-18 21:47:20,66.0317,60.1659,287.93,80,14,1.41
550,Henties Bay,NA,2022-07-18 21:47:21,-22.116,14.2845,287.83,82,1,1.95
551,Darnah,LY,2022-07-18 21:47:22,32.767,22.6367,298.49,75,0,3.41
552,Bonthe,SL,2022-07-18 21:47:23,7.5264,-12.505,298.11,84,99,6.99
553,Christchurch,NZ,2022-07-18 21:45:08,-43.5333,172.6333,288.26,51,75,2.06
554,Fort-Shevchenko,KZ,2022-07-18 21:47:26,44.5086,50.263,300.26,68,0,2.8
555,Taurage,LT,2022-07-18 21:47:28,55.2522,22.2897,287.69,98,97,1.97
556,Pucallpa,PE,2022-07-18 21:47:28,-8.3791,-74.5539,301.17,74,40,0.0
