City_ID,City,Country,Lat,Lng,Max Temp,Humidity,Cloudiness,Wind Speed,Current Description
0,Tilichiki,RU,60.4667,166.1,52.772000000000034,74,100,2.16,overcast clouds
1,Ushuaia,AR,-54.8,-68.3,39.092,60,20,4.12,few clouds
2,Hermanus,ZA,-34.4187,19.2345,51.08000000000004,88,99,3.27,overcast clouds
3,Punta Arenas,CL,-53.15,-70.9167,39.48800000000004,70,75,6.17,broken clouds
4,Grindavik,IS,63.8424,-22.4338,54.33800000000005,100,100,9.26,moderate rain
5,Bluff,NZ,-46.6,168.3333,45.067999999999984,89,100,10.17,overcast clouds
6,Hobart,AU,-42.8794,147.3294,44.725999999999985,93,69,1.54,broken clouds
7,Amapa,BR,1.0,-52.0,80.924,93,76,0.79,broken clouds
8,Khorixas,NA,-20.3667,14.9667,61.358000000000004,36,33,2.39,scattered clouds
9,Ostrovnoy,RU,68.0531,39.5131,61.141999999999996,72,100,8.39,overcast clouds
10,Pangnirtung,CA,66.1451,-65.7125,44.86999999999996,87,40,2.57,scattered clouds
11,Kruisfontein,ZA,-34.0033,24.7314,55.148000000000025,50,13,3.11,few clouds
12,Alofi,NU,-19.0595,-169.9187,66.36199999999997,94,40,1.03,scattered clouds
13,The Valley,AI,18.217,-63.0578,87.92599999999999,66,40,7.72,scattered clouds
14,Faya,SA,18.3851,42.4509,70.17799999999997,61,100,2.53,overcast clouds
15,Kuusamo,FI,65.9667,29.1833,66.50600000000003,77,0,5.66,light rain
16,Yoichi,JP,43.2039,140.7703,69.20600000000003,86,100,0.82,overcast clouds
17,Takoradi,GH,4.8845,-1.7554,75.48800000000006,88,100,4.86,overcast clouds
18,Pleasanton,US,37.6624,-121.8747,87.89000000000001,44,0,3.09,clear sky
19,Vardo,NO,70.3705,31.1107,59.25199999999998,94,75,2.57,broken clouds
20,Riyadh,SA,24.6877,46.7219,97.21400000000004,13,99,4.34,overcast clouds
21,Edd,ER,13.9297,41.6925,91.34600000000006,66,100,2.7,overcast clouds
22,Butaritari,KI,3.0707,172.7902,81.98599999999996,75,12,8.28,few clouds
23,Chokurdakh,RU,70.6333,147.9167,46.022000000000034,62,99,5.4,overcast clouds
24,Arraial Do Cabo,BR,-22.9661,-42.0278,75.434,73,20,8.23,few clouds
25,Cape Town,ZA,-33.9258,18.4232,56.39000000000002,81,20,2.57,few clouds
26,Hami,CN,42.8,93.45,81.06799999999998,15,0,4.09,clear sky
27,Vangaindrano,MG,-23.35,47.6,68.03599999999997,85,89,1.62,overcast clouds
28,Aguimes,ES,27.9054,-15.4461,81.93200000000002,61,0,10.8,clear sky
29,Jamestown,US,42.097,-79.2353,78.80000000000001,52,40,4.12,scattered clouds
30,Saint Anthony,US,45.0205,-93.218,80.36600000000001,66,100,4.12,overcast clouds
31,Mgandu,TZ,-5.95,34.1333,64.65199999999999,51,11,5.28,few clouds
32,Kapaa,US,22.0752,-159.319,82.99399999999997,70,40,8.75,scattered clouds
33,Lodja,CD,-3.4833,23.4333,81.23000000000005,33,100,0.91,overcast clouds
34,Hilo,US,19.7297,-155.09,83.55199999999998,92,100,1.54,overcast clouds
35,North Platte,US,41.1239,-100.7654,83.58800000000005,65,75,1.54,broken clouds
36,Airai,TL,-8.9266,125.4092,53.41999999999996,71,89,1.74,overcast clouds
37,Pisco,PE,-13.7,-76.2167,64.72400000000002,77,20,3.6,mist
38,Araouane,ML,18.9048,-3.5265,103.51400000000004,8,21,4.19,few clouds
39,Esil,KZ,51.9556,66.4042,71.36600000000001,52,100,5.22,overcast clouds
40,Paita,PE,-5.0892,-81.1144,68.32400000000001,77,96,7.12,overcast clouds
41,Kanniyakumari,IN,8.0833,77.5667,78.22400000000002,83,28,3.68,scattered clouds
42,Hithadhoo,MV,-0.6,73.0833,81.28399999999999,76,100,5.94,overcast clouds
43,Rikitea,PF,-23.1203,-134.9692,75.70399999999995,75,97,5.88,overcast clouds
44,Coihaique,CL,-45.5752,-72.0662,35.81600000000001,75,100,2.57,overcast clouds
45,Tuktoyaktuk,CA,69.4541,-133.0374,59.26999999999996,82,100,8.75,light rain
46,Broome,US,42.2506,-75.833,78.74600000000005,52,20,4.47,few clouds
47,Barrow,US,71.2906,-156.7887,35.88800000000005,93,100,7.2,moderate rain
48,Nikolskoye,RU,59.7035,30.7861,68.18000000000004,78,89,2.72,overcast clouds
49,Palaia Fokaia,GR,37.72,23.9463,88.12400000000002,47,0,2.05,clear sky
50,Manzhouli,CN,49.6,117.4333,58.208000000000006,92,0,4.18,clear sky
51,Yellowknife,CA,62.456,-114.3525,70.592,49,20,2.06,few clouds
52,Opuwo,NA,-18.0607,13.84,63.391999999999996,27,7,1.47,clear sky
53,Upernavik,GL,72.7868,-56.1549,38.89399999999997,89,95,5.16,overcast clouds
54,Tynset,NO,62.2759,10.7824,51.69199999999999,86,100,6.86,light rain
55,Troitsko-Pechorsk,RU,62.7084,56.1964,49.53200000000002,75,90,0.32,overcast clouds
56,Dunedin,NZ,-45.8742,170.5036,46.47200000000004,96,100,5.2,overcast clouds
57,Mataura,NZ,-46.1927,168.8643,44.74399999999997,97,100,3.34,overcast clouds
58,Sao Filipe,CV,14.8961,-24.4956,78.16999999999996,82,87,1.75,overcast clouds
59,Port Alfred,ZA,-33.5906,26.891,65.49800000000002,53,11,3.75,few clouds
60,Kloulklubed,PW,7.0419,134.2556,74.174,71,100,0.76,overcast clouds
61,Muros,ES,42.7762,-9.0603,70.10600000000002,65,5,6.42,clear sky
62,Xining,CN,36.6167,101.7667,57.866000000000014,84,100,0.46,overcast clouds
63,Nantucket,US,41.2835,-70.0995,82.81400000000004,77,0,3.6,clear sky
64,Slave Lake,CA,55.2834,-114.769,70.05199999999998,64,0,3.6,clear sky
65,Oktyabrskoye,RU,43.0645,44.7417,66.61400000000003,82,22,2.0,few clouds
66,Albany,US,42.6001,-73.9662,78.44000000000003,51,100,0.45,overcast clouds
67,Bredasdorp,ZA,-34.5322,20.0403,51.27799999999996,92,100,2.56,overcast clouds
68,Tsaratanana,MG,-16.7833,47.65,65.04800000000003,75,0,2.61,clear sky
69,Busselton,AU,-33.65,115.3333,49.225999999999985,84,0,3.24,clear sky
70,Abu Kamal,SY,34.4506,40.9171,92.55199999999998,13,0,3.4,clear sky
71,East London,ZA,-33.0153,27.9116,64.21999999999997,54,26,4.08,scattered clouds
72,San Jeronimo,PE,-11.9472,-75.2829,55.04000000000002,65,100,1.53,overcast clouds
73,New Norfolk,AU,-42.7826,147.0587,44.36600000000001,87,94,1.28,overcast clouds
74,Labuhan,ID,-6.8844,112.2051,74.48000000000005,86,74,3.28,broken clouds
75,Saint-Augustin,CA,51.226,-58.6502,72.42799999999997,54,73,7.62,broken clouds
76,La Asuncion,VE,11.0333,-63.8628,98.60000000000001,44,76,6.69,broken clouds
77,Awbari,LY,26.5921,12.7805,86.95399999999995,14,10,3.47,clear sky
78,Manuk Mangkaw,PH,4.8,119.85,84.01999999999995,71,92,1.24,overcast clouds
79,Pangai,TO,-19.8,-174.35,75.57799999999997,73,20,5.66,few clouds
80,Kargasok,RU,59.0556,80.8572,60.16999999999996,89,24,3.89,few clouds
81,Kodiak,US,57.79,-152.4072,55.184,62,0,0.0,clear sky
82,Castro,BR,-24.7911,-50.0119,68.54000000000002,59,0,2.2,clear sky
83,Victoria,HK,22.2855,114.1577,86.64800000000002,77,0,4.02,clear sky
84,Chicama,PE,-7.8447,-79.1469,63.40999999999998,68,100,4.12,overcast clouds
85,Sant Feliu De Guixols,ES,41.7833,3.0333,79.62799999999996,55,28,2.64,scattered clouds
86,Verkhnyaya Toyma,RU,62.2349,44.9985,58.90999999999998,73,55,1.55,broken clouds
87,Azle,US,32.8951,-97.5459,105.76400000000004,32,20,6.69,few clouds
88,Rock Sound,BS,24.9,-76.2,83.15600000000003,79,91,8.55,overcast clouds
89,Cherskiy,RU,68.75,161.3,44.69000000000002,62,5,4.98,clear sky
90,Atuona,PF,-9.8,-139.0333,77.52200000000005,76,6,7.88,clear sky
91,Iskateley,RU,67.6803,53.1512,48.57799999999996,82,7,2.88,clear sky
92,Avarua,CK,-21.2078,-159.775,71.924,64,40,6.17,scattered clouds
93,Seoul,KR,37.5683,126.9778,78.674,92,75,1.54,mist
94,Constitucion,CL,-35.3333,-72.4167,55.65199999999997,83,96,4.64,overcast clouds
95,Yokadouma,CM,3.5167,15.05,71.41999999999996,87,95,0.98,overcast clouds
96,Ribeirao Branco,BR,-24.2208,-48.7656,68.21600000000001,56,0,2.29,clear sky
97,Bela,IN,25.9333,81.9833,87.476,66,100,2.59,overcast clouds
98,Qaanaaq,GL,77.484,-69.3632,44.45600000000003,63,30,2.02,scattered clouds
99,Srednekolymsk,RU,67.45,153.6833,42.314000000000036,72,88,6.69,overcast clouds
100,Ojinaga,MX,29.5667,-104.4167,100.85000000000001,29,0,2.06,clear sky
101,Arys,KZ,42.4252,68.795,86.91799999999998,26,0,4.04,clear sky
102,Longyearbyen,SJ,78.2186,15.6401,48.30800000000001,87,75,2.57,broken clouds
103,Beidao,CN,34.5686,105.8933,68.32400000000001,90,96,2.41,heavy intensity rain
104,Khatanga,RU,71.9667,102.5,66.308,56,74,3.99,broken clouds
105,Lavrentiya,RU,65.5833,-171.0,39.21799999999998,89,100,6.34,overcast clouds
106,Umm Lajj,SA,25.0213,37.2685,86.35999999999999,69,10,3.01,clear sky
107,Port Blair,IN,11.6667,92.75,81.51799999999999,82,100,1.5,overcast clouds
108,Katsuura,JP,35.1333,140.3,79.39399999999998,90,79,5.89,broken clouds
109,Doctor Arroyo,MX,23.6667,-100.1833,82.11199999999997,30,100,0.35,overcast clouds
110,Ponta Do Sol,PT,32.6667,-17.1,81.5,58,4,2.87,clear sky
111,Topolobampo,MX,25.6,-109.05,91.02200000000005,54,51,5.92,broken clouds
112,Bambous Virieux,MU,-20.3428,57.7575,70.484,83,40,3.09,light rain
113,Sao Joao Da Barra,BR,-21.6403,-41.0511,77.35999999999999,79,45,5.05,scattered clouds
114,Berea,US,41.3662,-81.8543,82.38200000000002,57,75,5.66,broken clouds
115,Cayenne,GF,4.9333,-52.3333,86.35999999999999,14,75,1.54,broken clouds
116,San Anselmo,US,37.9747,-122.5616,82.75999999999999,71,0,4.12,clear sky
117,Pacific Grove,US,36.6177,-121.9166,73.47200000000004,78,0,4.92,clear sky
118,Chernyshevskiy,RU,63.0128,112.4714,65.96600000000001,93,2,1.36,clear sky
119,Shimoda,JP,34.6667,138.95,76.36999999999996,92,52,3.12,broken clouds
120,Kavieng,PG,-2.5744,150.7967,82.41799999999998,71,100,5.66,overcast clouds
121,Leningradskiy,RU,69.3833,178.4167,33.85399999999995,99,100,3.83,light snow
122,Smithers,CA,54.7804,-127.1743,75.79399999999998,57,20,3.6,few clouds
123,Kshenskiy,RU,51.8408,37.7136,66.01999999999995,86,12,2.44,light rain
124,Bethel,US,41.3712,-73.414,83.62400000000002,48,40,2.57,scattered clouds
125,Naze,JP,28.3667,129.4833,76.38800000000005,77,2,2.85,clear sky
126,Chuy,UY,-33.6971,-53.4616,62.780000000000044,92,88,2.13,overcast clouds
127,Clarksburg,US,39.2807,-80.3445,75.16400000000004,86,100,4.63,overcast clouds
128,Jiayuguan,CN,39.8167,98.3,74.40800000000002,17,6,6.49,clear sky
129,Hamilton,US,39.1834,-84.5333,76.49600000000005,88,100,2.06,mist
130,Saskylakh,RU,71.9167,114.0833,66.542,85,28,1.88,scattered clouds
131,Tuatapere,NZ,-46.1333,167.6833,44.6,95,100,4.03,overcast clouds
132,Lorengau,PG,-2.0226,147.2712,80.85199999999998,82,82,3.59,broken clouds
133,Luderitz,NA,-26.6481,15.1594,56.26400000000004,81,40,1.76,scattered clouds
134,Lebu,CL,-37.6167,-73.65,54.14000000000002,77,3,7.81,clear sky
135,Flin Flon,CA,54.7682,-101.865,60.908,88,75,4.63,broken clouds
136,Pimentel,PE,-6.8367,-79.9342,70.358,64,0,6.17,clear sky
137,Tacoronte,ES,28.4769,-16.4102,88.39399999999998,27,0,2.06,clear sky
138,Banjaran,ID,-7.0453,107.5878,67.55000000000001,92,100,0.85,overcast clouds
139,Faanui,PF,-16.4833,-151.75,77.86400000000003,74,47,4.69,scattered clouds
140,Hobyo,SO,5.3505,48.5268,76.49600000000005,83,29,11.49,scattered clouds
141,Wewak,PG,-3.5534,143.6268,77.84600000000006,89,97,4.23,overcast clouds
142,Hofn,IS,64.2539,-15.2082,50.522000000000034,89,99,1.3,overcast clouds
143,Gayeri,BF,12.6497,0.4931,80.834,70,100,4.74,overcast clouds
144,Saldanha,ZA,-33.0117,17.9442,55.72400000000002,88,21,2.12,few clouds
145,Quatre Cocos,MU,-20.2078,57.7625,70.358,81,16,5.31,light rain
146,Batagay,RU,67.6333,134.6333,66.90199999999999,67,27,0.8,scattered clouds
147,Ahipara,NZ,-35.1667,173.1667,56.35399999999996,74,97,7.17,overcast clouds
148,Vaini,TO,-21.2,-175.2,72.03200000000001,88,20,2.57,few clouds
149,Cidreira,BR,-30.1811,-50.2056,63.158,89,11,5.14,few clouds
150,Nanortalik,GL,60.1432,-45.2371,45.842,89,77,2.35,broken clouds
151,Aksu,CN,41.1231,80.2644,85.55000000000001,23,6,0.8,clear sky
152,Nome,US,64.5011,-165.4064,44.94199999999999,77,100,9.77,overcast clouds
153,Parabel,RU,58.6978,81.4825,59.12599999999999,91,24,3.76,few clouds
154,Mehkar,IN,20.1508,76.569,74.01199999999996,89,100,2.61,overcast clouds
155,Kahului,US,20.8947,-156.47,84.48800000000006,69,20,9.26,few clouds
156,Caxito,AO,-8.5785,13.6643,69.11600000000001,93,98,1.51,overcast clouds
157,Kayiry,UA,46.9454,33.7059,72.64399999999998,56,0,4.5,clear sky
158,Savonlinna,FI,61.8699,28.88,70.12400000000002,68,100,2.57,overcast clouds
159,Pevek,RU,69.7008,170.3133,34.64600000000005,82,78,2.7,broken clouds
160,Singapore,SG,1.2897,103.8501,82.52599999999998,85,75,2.06,broken clouds
161,Morant Bay,JM,17.8815,-76.4093,78.69200000000001,80,99,5.62,light rain
162,Iqaluit,CA,63.7506,-68.5145,51.8,76,20,3.6,few clouds
163,Manoel Urbano,BR,-8.8389,-69.2597,94.90999999999998,31,14,1.08,few clouds
164,Calamar,CO,10.2511,-74.9146,82.70600000000003,75,100,1.92,overcast clouds
165,Comodoro Rivadavia,AR,-45.8667,-67.5,37.52599999999999,87,75,3.09,light rain
166,Hearst,CA,49.6835,-83.6665,75.72200000000004,41,100,3.09,overcast clouds
167,Mar Del Plata,AR,-38.0023,-57.5575,60.36799999999998,97,100,2.57,mist
168,Mahebourg,MU,-20.4081,57.7,70.51999999999995,83,40,3.09,scattered clouds
169,Maceio,BR,-9.6658,-35.7353,76.71199999999996,88,100,4.12,mist
170,Kanigoro,ID,-8.13,112.219,69.51199999999996,90,19,1.03,few clouds
171,Matagami,CA,49.7502,-77.6328,68.07200000000003,55,56,6.11,broken clouds
172,Do Gonbadan,IR,30.3586,50.7981,86.35999999999999,21,0,0.0,clear sky
173,Gat,IL,31.61,34.7642,81.66199999999995,58,0,1.44,clear sky
174,Provideniya,RU,64.3833,-173.3,46.72400000000001,63,71,2.33,broken clouds
175,Puerto Ayora,EC,-0.7393,-90.3518,79.03399999999999,89,100,4.02,overcast clouds
176,Port Angeles,US,48.1181,-123.4307,87.60199999999998,56,0,3.09,clear sky
177,Padang,ID,-0.9492,100.3543,76.29800000000003,86,91,1.46,overcast clouds
178,Komsomolskiy,UZ,40.4272,71.7189,86.99000000000002,32,5,3.09,clear sky
179,Along,IN,28.1667,94.7667,73.30999999999997,98,66,0.58,broken clouds
180,Aksarka,RU,66.5606,67.7975,49.80199999999998,89,100,5.58,overcast clouds
181,Codrington,AU,-38.2667,141.9667,50.19800000000002,95,68,3.61,broken clouds
182,Ola,RU,59.5833,151.2833,55.05800000000001,92,100,1.88,overcast clouds
183,Thompson,CA,55.7435,-97.8558,61.23200000000001,82,75,4.12,broken clouds
184,Robertsport,LR,6.7533,-11.3686,76.49600000000005,82,28,3.98,scattered clouds
185,Egvekinot,RU,66.3167,-179.1667,43.88000000000004,60,76,0.13,broken clouds
186,Road Town,VG,18.4167,-64.6167,88.15999999999998,70,20,4.63,few clouds
187,Werda,BW,-25.2667,23.2833,64.59800000000003,36,6,5.12,clear sky
188,Cabo San Lucas,MX,22.8909,-109.9124,93.88399999999999,68,52,3.54,broken clouds
189,Okha,RU,53.5739,142.9478,55.417999999999985,92,100,2.38,overcast clouds
190,Esperance,AU,-33.8667,121.9,57.07400000000001,82,100,3.09,overcast clouds
191,Saint-Philippe,RE,-21.3585,55.7679,66.05600000000004,83,6,4.18,light rain
192,Turan,VN,16.0678,108.2208,79.05199999999998,89,20,0.51,few clouds
193,Havelock,US,34.8791,-76.9013,90.24800000000002,79,20,8.23,few clouds
194,Kiama,AU,-34.6833,150.8667,50.648000000000025,68,5,4.02,clear sky
195,Payo,ID,-3.7508,103.6372,72.68000000000004,98,100,0.8,overcast clouds
196,Harper,LR,4.375,-7.7169,75.52400000000002,80,99,3.64,overcast clouds
197,Bardiyah,LY,31.7561,25.0865,80.02400000000002,70,0,7.36,clear sky
198,Tezu,IN,27.9167,96.1667,74.084,94,74,1.36,broken clouds
199,Karur,IN,10.95,78.0833,77.46799999999999,82,97,2.88,overcast clouds
200,Sitka,US,57.0531,-135.33,57.36199999999995,94,100,1.54,mist
201,Guerrero Negro,MX,27.9769,-114.0611,83.084,47,51,4.21,broken clouds
202,Auburn,US,47.3073,-122.2284,95.48599999999996,45,0,3.09,clear sky
203,Georgetown,MY,5.4112,100.3354,82.59800000000003,90,20,2.68,few clouds
204,Margate,GB,51.3813,1.3862,64.58000000000004,72,100,0.89,overcast clouds
205,Imeni Poliny Osipenko,RU,52.4201,136.4853,54.10399999999996,95,47,1.59,scattered clouds
206,Salinopolis,BR,-0.6136,-47.3561,80.43800000000005,84,94,4.1,overcast clouds
207,Godalming,GB,51.1846,-0.6173,68.93599999999998,64,100,1.54,overcast clouds
208,Beaverlodge,CA,55.2166,-119.4361,78.42200000000004,44,0,1.13,clear sky
209,Namibe,AO,-15.1961,12.1522,64.20199999999997,78,81,0.8,broken clouds
210,Mankono,CI,8.0586,-6.1897,75.18200000000002,82,100,1.3,overcast clouds
211,Bubaque,GW,11.2833,-15.8333,80.25800000000001,76,100,4.58,overcast clouds
212,Klyuchi,RU,52.2667,79.1667,67.98200000000003,48,80,3.27,broken clouds
213,Mildura,AU,-34.2,142.15,39.34399999999997,89,10,4.59,clear sky
214,Makakilo City,US,21.3469,-158.0858,81.19399999999997,64,100,6.69,overcast clouds
215,Bandar,ID,2.05,99.75,72.44600000000005,94,98,1.07,overcast clouds
216,Dingle,PH,10.9995,122.6711,76.62200000000004,92,57,1.93,broken clouds
217,Ternate,ID,0.8,127.4,80.15,81,95,1.37,overcast clouds
218,Bayir,TR,37.2687,28.2167,74.19200000000001,38,0,1.19,clear sky
219,Belaya Kholunitsa,RU,58.84,50.8528,56.20999999999998,78,6,2.79,clear sky
220,Samagaltay,RU,50.6022,95.0047,51.76400000000004,59,99,2.46,overcast clouds
221,Marystown,CA,47.1666,-55.1483,72.12200000000004,100,100,3.13,overcast clouds
222,Northam,GB,51.0333,-4.2167,62.653999999999954,70,0,4.13,clear sky
223,Latung,PH,5.5,120.8833,84.48800000000006,70,100,2.31,overcast clouds
224,Tiksi,RU,71.6872,128.8694,51.908,81,54,1.04,broken clouds
225,Haines Junction,CA,60.7522,-137.5108,66.41600000000001,52,48,7.2,scattered clouds
226,Ahuimanu,US,21.4447,-157.8378,82.38200000000002,76,100,6.69,moderate rain
227,Noumea,NC,-22.2763,166.4572,68.26999999999995,99,0,2.79,clear sky
228,Methven,NZ,-43.6333,171.65,43.285999999999966,91,100,0.89,overcast clouds
229,Udachnyy,RU,66.4167,112.4,70.71799999999999,72,98,3.35,overcast clouds
230,Shevchenkove,UA,49.6959,37.1735,64.20199999999997,77,72,0.87,broken clouds
231,Warsaw,PL,52.2298,21.0118,67.90999999999998,91,0,2.06,clear sky
232,Urambo,TZ,-5.0667,32.05,75.14600000000004,36,89,1.93,overcast clouds
233,Dikson,RU,73.5069,80.5464,45.193999999999974,92,100,12.88,light rain
234,Asino,RU,56.9979,86.1452,57.2,85,92,1.75,overcast clouds
235,Shingu,JP,33.7333,135.9833,77.45,94,100,0.74,overcast clouds
236,Sinnamary,GF,5.3833,-52.95,82.79600000000005,74,49,3.35,scattered clouds
237,Wajir,KE,1.7471,40.0573,78.24199999999999,46,85,10.86,overcast clouds
238,Marrakesh,MA,31.6315,-8.0083,98.942,18,20,7.72,few clouds
239,Alice Springs,AU,-23.7,133.8833,31.819999999999958,86,0,0.0,clear sky
240,Yabassi,CM,4.457,9.9682,73.70600000000003,97,91,1.08,light rain
241,Mount Gambier,AU,-37.8333,140.7667,50.18000000000004,100,75,5.14,broken clouds
242,San Quintin,MX,30.4833,-115.95,74.48000000000005,64,14,5.7,few clouds
243,Hervey Bay,AU,-25.2986,152.8535,54.51799999999999,59,0,5.95,clear sky
244,Ilulissat,GL,69.2167,-51.1,37.975999999999985,96,99,1.99,overcast clouds
245,Langham,CA,52.3668,-106.9679,73.292,35,16,7.29,few clouds
246,Wahpeton,US,46.2652,-96.6059,77.18000000000004,88,75,4.12,broken clouds
247,Alta Floresta,BR,-9.8756,-56.0861,96.89000000000003,24,40,4.12,scattered clouds
248,Srandakan,ID,-7.9386,110.2506,71.45600000000003,92,41,1.45,scattered clouds
249,Pontes E Lacerda,BR,-15.2261,-59.3353,96.87200000000004,18,9,1.96,clear sky
250,Fairbanks,US,64.8378,-147.7164,57.469999999999956,58,75,8.23,broken clouds
251,Kamojima,JP,34.0667,134.35,80.69000000000003,90,39,1.59,scattered clouds
252,Gao,ML,16.6362,1.637,101.46199999999996,16,93,5.24,overcast clouds
253,Jalu,LY,29.0331,21.5482,87.76400000000004,32,5,6.91,clear sky
254,Half Moon Bay,US,37.4636,-122.4286,84.81199999999995,68,100,3.6,overcast clouds
255,Lasa,IT,46.6166,10.7002,72.75199999999998,90,58,1.66,broken clouds
256,Hopkinton,US,41.4612,-71.7776,84.65,59,100,5.43,overcast clouds
257,Morro Bay,US,35.3658,-120.8499,94.208,52,12,4.02,few clouds
258,Yeppoon,AU,-23.1333,150.7333,59.05399999999995,71,0,4.52,clear sky
259,Whitehorse,CA,60.7161,-135.0538,72.64399999999998,49,75,6.71,broken clouds
260,Vagur,FO,61.4732,-6.8119,52.934,78,98,5.36,overcast clouds
261,Emerald,AU,-23.5333,148.1667,50.61199999999995,78,0,7.87,clear sky
262,Sambava,MG,-14.2667,50.1667,68.93599999999998,85,11,4.9,few clouds
263,Carnarvon,AU,-24.8667,113.6333,62.88800000000005,49,0,4.6,clear sky
264,Kupang,ID,-10.1667,123.5833,71.90600000000003,80,76,4.51,broken clouds
265,Zavetnoye,RU,47.1194,43.8903,71.02400000000002,66,29,1.18,scattered clouds
266,Kavaratti,IN,10.5669,72.642,81.24800000000002,78,100,7.77,overcast clouds
267,Deputatskiy,RU,69.3,139.9,52.069999999999965,73,59,1.74,broken clouds
268,Praia Da Vitoria,PT,38.7333,-27.0667,79.03399999999999,88,40,2.57,scattered clouds
269,Fort Nelson,CA,58.8053,-122.7002,78.65600000000003,50,40,4.12,scattered clouds
270,Riwaka,NZ,-41.0833,173.0,53.27599999999999,97,99,0.25,overcast clouds
271,Malakal,SS,9.5334,31.6605,75.434,84,100,1.58,overcast clouds
272,Yar-Sale,RU,66.8333,70.8333,48.74000000000002,88,100,4.22,overcast clouds
273,Avera,US,33.194,-82.5271,94.78399999999999,34,91,4.31,overcast clouds
274,Bengkulu,ID,-3.8004,102.2655,75.93800000000005,87,100,1.64,overcast clouds
275,Ribeira Grande,PT,38.5167,-28.7,77.66600000000001,78,20,4.63,few clouds
276,Conde,BR,-7.2597,-34.9075,78.53000000000004,73,75,6.69,broken clouds
277,Petropavlovsk-Kamchatskiy,RU,53.0452,158.6483,54.464000000000034,94,75,2.0,broken clouds
278,Lebedinyy,RU,58.5167,125.5167,65.30000000000001,63,3,1.94,clear sky
279,Sayyan,YE,15.1718,44.3244,62.492,66,100,2.66,overcast clouds
280,Maragogi,BR,-9.0122,-35.2225,74.60600000000002,86,90,5.51,overcast clouds
281,Xapuri,BR,-10.6517,-68.5044,95.99000000000002,28,82,1.3,broken clouds
282,Tura,IN,25.5198,90.2201,72.46400000000003,89,42,1.05,scattered clouds
283,Visby,SE,57.6409,18.296,64.88599999999997,59,6,7.72,clear sky
284,Vestmannaeyjar,IS,63.4427,-20.2734,53.05999999999998,93,100,8.75,fog
285,Mandalgovi,MN,45.7625,106.2708,52.75399999999995,79,3,6.11,clear sky
286,Novo Aripuana,BR,-5.1206,-60.3797,97.79000000000002,26,45,1.35,scattered clouds
287,Rocha,UY,-34.4833,-54.3333,66.45199999999997,89,96,2.97,overcast clouds
288,Helena,US,46.5927,-112.0361,84.434,41,1,1.79,clear sky
289,Hasaki,JP,35.7333,140.8333,77.66600000000001,90,100,7.17,overcast clouds
290,Ust-Maya,RU,60.4167,134.5333,58.73000000000005,75,9,0.26,clear sky
291,Mandurah,AU,-32.55,115.7,56.60600000000003,84,100,3.35,overcast clouds
292,Port Elizabeth,ZA,-33.918,25.5701,59.57599999999999,83,17,2.57,few clouds
293,Fortuna,US,40.5982,-124.1573,72.19399999999997,69,38,2.24,scattered clouds
294,Ladario,BR,-19.0047,-57.6017,95.558,23,0,3.6,clear sky
295,Yulara,AU,-25.2406,130.9889,42.61999999999996,59,0,4.09,clear sky
296,Hay River,CA,60.8156,-115.7999,70.05199999999998,56,75,6.69,broken clouds
297,Killarney,IE,52.05,-9.5167,57.469999999999956,79,100,1.22,overcast clouds
298,Kieta,PG,-6.2167,155.6333,78.27799999999996,84,100,0.49,overcast clouds
299,Maun,BW,-19.9833,23.4167,59.233999999999995,51,0,1.03,clear sky
300,Viedma,AR,-40.8135,-62.9967,49.766000000000005,98,100,3.19,overcast clouds
301,Altay,CN,47.8667,88.1167,60.35,47,0,1.42,clear sky
302,Mudgee,AU,-32.5943,149.5871,42.89000000000002,85,33,5.42,scattered clouds
303,Tasiilaq,GL,65.6145,-37.6368,37.814000000000036,93,100,0.73,overcast clouds
304,Vila Franca Do Campo,PT,37.7167,-25.4333,74.084,83,41,2.56,scattered clouds
305,Ambilobe,MG,-13.2,49.05,68.9,82,100,1.41,overcast clouds
306,Wahiawa,US,21.5028,-158.0236,79.03399999999999,70,100,2.57,overcast clouds
307,Senanga,ZM,-16.1167,23.2667,59.80999999999998,38,1,2.77,clear sky
308,Plettenberg Bay,ZA,-34.0527,23.3716,59.792,57,70,3.71,broken clouds
309,Tongliao,CN,43.6125,122.2653,70.142,74,3,5.06,clear sky
310,Cotonou,BJ,6.3654,2.4183,77.25199999999998,88,40,6.17,scattered clouds
311,Bayanday,RU,53.0661,105.5139,47.62400000000001,93,100,1.43,overcast clouds
312,San Patricio,US,28.017,-97.5169,97.79000000000002,41,33,7.36,scattered clouds
313,Hurricane,US,37.1753,-113.2899,89.97799999999997,40,61,3.82,broken clouds
314,Torbay,CA,47.6666,-52.7314,76.24399999999997,75,75,9.26,broken clouds
315,Bathsheba,BB,13.2167,-59.5167,86.88200000000002,75,20,9.26,few clouds
316,Paamiut,GL,61.994,-49.6678,42.74600000000005,91,18,8.37,few clouds
317,Diffa,NE,13.3154,12.6113,90.608,48,70,5.4,broken clouds
318,Souillac,MU,-20.5167,57.5167,70.44800000000004,83,40,3.09,scattered clouds
319,Knysna,ZA,-34.0363,23.0471,58.92799999999997,59,73,3.48,broken clouds
320,Port Macquarie,AU,-31.4333,152.9167,49.153999999999954,66,0,4.85,clear sky
321,Alihe,CN,50.5667,123.7167,64.47200000000004,99,94,1.01,moderate rain
322,Payakumbuh,ID,-0.2202,100.6308,68.66600000000001,94,93,1.43,overcast clouds
323,Chitral,PK,35.8462,71.7858,77.9,80,23,1.83,few clouds
324,Zilupe,LV,56.3862,28.1217,63.733999999999995,86,96,2.4,overcast clouds
325,Kaitangata,NZ,-46.2817,169.8464,45.751999999999974,96,100,5.8,overcast clouds
326,Adrar,MR,20.5022,-10.0711,104.18000000000005,14,79,5.22,broken clouds
327,Mbeya,TZ,-8.9,33.45,53.00600000000003,87,22,3.03,few clouds
328,Buala,SB,-8.145,159.5921,78.83599999999997,83,84,2.08,light rain
329,San Cristobal,VE,7.7669,-72.225,84.65,58,42,2.19,scattered clouds
330,Taksimo,RU,56.3444,114.8794,66.092,89,98,0.68,overcast clouds
331,Kisangani,CD,0.5167,25.2,70.88000000000005,98,100,1.27,light rain
332,Florence,IT,43.7667,11.25,84.14600000000004,76,0,3.09,clear sky
333,Sri Aman,MY,1.2376,111.4621,75.52400000000002,100,100,0.0,overcast clouds
334,Tucupita,VE,9.0622,-62.051,90.53599999999997,49,35,1.83,scattered clouds
335,Port-Cartier,CA,50.0334,-66.8654,73.34600000000006,60,89,4.51,overcast clouds
336,Necochea,AR,-38.5473,-58.7368,54.248000000000026,94,100,3.49,overcast clouds
337,Mareeba,AU,-17.0,145.4333,60.70999999999998,93,2,1.08,clear sky
338,General Roca,AR,-39.0333,-67.5833,45.96799999999998,95,100,5.33,light rain
339,Atambua,ID,-9.1061,124.8925,66.10999999999999,85,100,2.74,overcast clouds
340,Port-Gentil,GA,-0.7193,8.7815,75.434,83,100,4.63,overcast clouds
341,Gravdal,NO,68.1214,13.5031,53.74399999999997,89,100,9.07,light rain
342,Pozo Colorado,PY,-23.4923,-58.7972,96.08000000000004,20,3,3.93,clear sky
343,Channel-Port Aux Basques,CA,47.5702,-59.1367,64.16600000000001,86,19,5.65,few clouds
344,Brae,GB,60.3964,-1.353,51.38599999999997,78,12,4.71,few clouds
345,Salalah,OM,17.0151,54.0924,76.334,96,100,3.2,overcast clouds
346,Khandbari,NP,27.3747,87.2039,72.392,93,99,0.49,overcast clouds
347,Muli,MV,2.9167,73.5667,82.59800000000003,77,42,8.37,scattered clouds
348,Severo-Kurilsk,RU,50.6789,156.125,53.05999999999998,85,94,2.56,overcast clouds
349,Karatau,KZ,43.1667,70.4667,80.45600000000003,22,0,0.82,clear sky
350,South Lake Tahoe,US,38.9332,-119.9844,84.36199999999997,41,100,0.45,overcast clouds
351,Tuy Hoa,VN,13.0833,109.3,76.73000000000005,91,94,1.81,overcast clouds
352,Voh,NC,-20.9667,164.7,65.55199999999998,88,0,1.79,clear sky
353,Aklavik,CA,68.2191,-135.0107,66.38000000000005,44,99,7.32,overcast clouds
354,Tawang,IN,27.5833,91.8667,54.64399999999998,95,96,0.56,overcast clouds
355,Arkhangelsk,RU,64.5401,40.5433,62.977999999999966,77,20,3.0,few clouds
356,Henties Bay,NA,-22.116,14.2845,54.319999999999965,86,36,3.78,scattered clouds
357,Izhma,RU,65.0083,53.9113,54.12200000000004,69,59,0.91,broken clouds
358,Sinyavskoye,RU,47.277,39.2789,75.01999999999995,78,0,0.99,clear sky
359,Kununurra,AU,-15.7667,128.7333,73.65199999999999,31,18,6.17,few clouds
360,Wum,CM,6.3833,10.0667,65.55199999999998,96,100,0.37,moderate rain
361,Tupi Paulista,BR,-21.3811,-51.5706,88.50199999999998,22,0,0.96,clear sky
362,Wake Forest,US,35.9799,-78.5097,86.88200000000002,83,75,7.2,moderate rain
363,Belmonte,BR,-15.8631,-38.8828,74.22799999999997,70,2,4.3,clear sky
364,West Des Moines,US,41.572,-93.7453,87.458,53,0,3.09,clear sky
365,Akhmim,EG,26.5622,31.745,91.868,14,0,3.17,clear sky
366,Sobolevo,RU,54.4299,31.8996,62.708000000000006,90,4,1.52,clear sky
367,Liverpool,GB,53.4106,-2.9779,61.609999999999985,73,40,4.63,scattered clouds
368,Tucuma,BR,-0.1833,-50.05,79.79000000000002,85,100,2.57,overcast clouds
369,Ikornnes,NO,62.3873,6.557,55.435999999999964,93,100,3.58,overcast clouds
370,Bonthe,SL,7.5264,-12.505,76.73000000000005,82,65,3.24,broken clouds
371,Jizan,SA,17.3333,42.6667,90.80600000000004,66,100,1.64,overcast clouds
372,Bonavista,CA,48.6499,-53.1147,68.18000000000004,83,100,8.77,overcast clouds
373,Sarahan,IN,31.5167,77.8,64.23800000000006,97,100,0.41,overcast clouds
374,Koslan,RU,63.4564,48.8989,54.51799999999999,57,18,1.6,few clouds
375,Vyatskiye Polyany,RU,56.226,51.0656,63.69800000000002,94,29,2.18,scattered clouds
376,Jinxiang,CN,27.4327,120.6062,77.80999999999997,84,0,2.98,clear sky
377,Kemijarvi,FI,66.7131,27.4306,62.58200000000002,93,100,5.76,light rain
378,La Macarena,CO,2.1837,-73.7849,79.21400000000003,91,89,1.63,overcast clouds
379,San Andres,CO,12.5847,-81.7006,88.08800000000005,70,40,3.6,scattered clouds
380,Oranjemund,NA,-28.55,16.4333,55.85,84,78,1.39,broken clouds
381,Jaca,ES,42.569,-0.5499,72.24800000000002,52,0,2.75,clear sky
382,Vanimo,PG,-2.6741,141.3028,77.14399999999998,88,74,2.35,broken clouds
383,Winnemucca,US,40.973,-117.7357,95.61199999999997,8,5,2.42,clear sky
384,Touros,BR,-5.1989,-35.4608,77.97200000000004,74,60,6.62,broken clouds
385,Sao Pedro Do Piaui,BR,-5.9294,-42.7186,89.78000000000004,28,100,2.44,overcast clouds
386,Thunder Bay,CA,48.4001,-89.3168,75.38000000000005,69,100,5.66,overcast clouds
387,Zhigansk,RU,66.7697,123.3711,64.868,67,45,1.53,scattered clouds
388,Issoire,FR,45.55,3.25,71.13200000000002,63,6,3.1,clear sky
389,Ardahan,TR,41.1087,42.7022,51.656000000000034,97,25,1.45,scattered clouds
390,Ornskoldsvik,SE,63.2909,18.7153,60.22400000000002,100,100,3.6,overcast clouds
391,Karratha,AU,-20.7377,116.8463,68.18000000000004,28,6,3.72,clear sky
392,Port Lincoln,AU,-34.7333,135.8667,51.56600000000001,80,100,5.16,overcast clouds
393,Narsaq,GL,60.9167,-46.05,49.1,81,48,2.38,scattered clouds
394,Cabo Rojo,PR,18.0866,-67.1457,89.33000000000004,76,20,2.68,few clouds
395,Prince Rupert,CA,54.3161,-130.3201,68.35999999999999,80,0,8.75,clear sky
396,Etchoropo,MX,26.7667,-109.6667,86.684,58,100,5.33,overcast clouds
397,Kondinskoye,RU,59.6481,67.41,55.70600000000003,66,42,3.25,scattered clouds
398,Jose Bonifacio,BR,-21.0528,-49.6883,89.13200000000002,21,0,1.45,clear sky
399,Iguape,BR,-24.7081,-47.5553,68.26999999999995,84,8,2.48,clear sky
400,Ancud,CL,-41.8697,-73.8203,53.492,85,85,4.25,moderate rain
401,Namatanai,PG,-3.6667,152.4333,78.458,80,88,2.78,overcast clouds
402,Seydi,TM,39.4816,62.9137,89.042,31,4,7.39,clear sky
403,Muroto,JP,33.2833,134.15,80.88800000000005,84,19,2.56,few clouds
404,Taoudenni,ML,22.6783,-3.9836,106.03399999999999,9,94,4.75,overcast clouds
405,Sesheke,ZM,-17.4759,24.2968,60.8,40,2,2.92,clear sky
406,Farafangana,MG,-22.8167,47.8333,67.28000000000004,83,6,1.95,clear sky
407,Derzhavinsk,KZ,51.1,66.3167,71.05999999999997,42,89,4.08,overcast clouds
408,Juneau,US,58.3019,-134.4197,63.10399999999996,100,100,1.23,overcast clouds
409,Sainte-Rose,GP,16.3324,-61.6979,86.30600000000004,62,75,5.66,broken clouds
410,Sawakin,SD,19.1059,37.3321,97.50199999999998,40,100,6.97,overcast clouds
411,Arlit,NE,18.7369,7.3853,102.48800000000004,10,30,5.14,scattered clouds
412,Stornoway,GB,58.2093,-6.3865,55.63399999999999,85,75,3.6,broken clouds
413,Pasco,US,28.292,-82.4165,95.30600000000004,62,86,1.34,overcast clouds
414,Polyarnyy,RU,69.1989,33.4478,59.12599999999999,93,100,5.54,overcast clouds
415,Isangel,VU,-19.55,169.2667,73.99399999999997,86,96,5.79,overcast clouds
416,Alyangula,AU,-13.8483,136.4192,71.45600000000003,71,0,6.76,clear sky
417,Lao Cai,VN,22.4833,103.95,77.93599999999998,89,46,0.39,scattered clouds
418,Clyde River,CA,70.4692,-68.5914,41.774000000000015,87,100,1.11,light rain
419,College,US,64.8569,-147.8028,57.272000000000034,60,98,2.24,overcast clouds
420,Hambantota,LK,6.1241,81.1185,78.81799999999998,84,95,1.08,overcast clouds
421,Krasnoselkup,RU,65.7,82.4667,53.95999999999998,71,2,4.35,clear sky
422,Jumla,NP,29.2747,82.1838,62.185999999999964,98,99,0.85,overcast clouds
423,Poum,NC,-20.2333,164.0167,73.00399999999996,75,2,4.49,clear sky
424,Ulladulla,AU,-35.35,150.4667,47.39000000000002,70,10,4.42,clear sky
425,Kasongo,CD,-4.45,26.6667,80.36600000000001,37,90,1.09,overcast clouds
426,La Ronge,CA,55.1001,-105.2842,63.08599999999997,82,75,5.66,broken clouds
427,Austin,US,30.2672,-97.7431,104.61199999999995,39,5,2.24,clear sky
428,Antofagasta,CL,-23.65,-70.4,60.35,75,28,3.87,scattered clouds
429,Norman Wells,CA,65.282,-126.8329,80.50999999999999,39,100,4.05,overcast clouds
430,Krasnoye-Na-Volge,RU,57.5125,41.2419,65.984,86,25,3.08,scattered clouds
431,Menongue,AO,-14.6585,17.691,58.26199999999996,35,4,2.42,clear sky
432,Chapeco,BR,-27.0964,-52.6183,71.09600000000006,74,4,0.39,clear sky
433,Bratsk,RU,56.1325,101.6142,54.35600000000003,93,100,1.93,overcast clouds
434,Palmer,US,42.1584,-72.3287,81.19399999999997,51,98,3.35,overcast clouds
435,Manali,IN,13.1667,80.2667,84.55999999999997,80,25,2.88,scattered clouds
436,Lincoln,US,40.8,-96.667,84.55999999999997,66,85,1.79,overcast clouds
437,Shahdadpur,PK,25.9241,68.62,82.47200000000004,82,100,6.14,overcast clouds
438,Lufilufi,WS,-13.8745,-171.5986,75.05600000000004,79,59,8.88,light rain
439,Sjenica,RS,43.2731,19.9994,69.87200000000004,42,90,3.39,overcast clouds
440,Atar,MR,20.5169,-13.0499,96.42200000000004,35,28,1.49,scattered clouds
441,Bolshevik,BY,54.0065,27.5692,62.492,79,100,1.77,overcast clouds
442,Yabrud,SY,33.9674,36.6574,70.86199999999997,37,0,0.3,clear sky
443,Russell,US,32.3502,-85.1999,93.23599999999996,60,100,1.54,overcast clouds
444,Asau,RO,46.4333,26.4,69.54800000000003,55,0,1.45,clear sky
445,Zadar,HR,44.1197,15.2422,86.88200000000002,39,0,3.6,clear sky
446,King City,US,36.2127,-121.126,99.17599999999999,15,0,1.5,clear sky
447,Begoro,GH,6.3871,-0.3774,70.34000000000003,96,100,1.32,light rain
448,Huarmey,PE,-10.0681,-78.1522,67.94600000000005,72,60,5.57,broken clouds
449,Los Llanos De Aridane,ES,28.6585,-17.9182,80.618,39,0,7.72,clear sky
450,Olinda,BR,-8.0089,-34.8553,73.4,88,75,4.12,broken clouds
451,Fare,PF,-16.7,-151.0167,77.66600000000001,75,63,3.64,broken clouds
452,Mangan,IN,27.5167,88.5333,75.25399999999996,92,100,0.53,overcast clouds
453,Pincehely,HU,46.681,18.4394,71.22200000000004,63,56,3.53,broken clouds
454,Boyolangu,ID,-8.1181,111.8935,71.47400000000002,92,29,0.72,scattered clouds
455,Chipata,ZM,-13.6333,32.65,58.04600000000005,71,5,3.04,clear sky
456,San Juan,AR,-31.5375,-68.5364,61.73599999999997,63,59,6.38,broken clouds
457,Sisimiut,GL,66.9395,-53.6735,43.214000000000034,85,87,3.49,overcast clouds
458,Mazatlan,MX,23.2167,-106.4167,90.17599999999999,73,70,1.34,broken clouds
459,Boa Vista,BR,2.8197,-60.6733,85.53200000000001,63,87,1.53,overcast clouds
460,Dryden,CA,49.7833,-92.7503,70.358,73,75,2.57,broken clouds
461,Alamosa,US,37.4695,-105.87,73.65199999999999,49,0,1.54,clear sky
462,Leh,IN,34.1667,77.5833,59.21600000000001,78,99,2.72,overcast clouds
463,Richards Bay,ZA,-28.783,32.0377,57.650000000000006,82,0,3.22,clear sky
464,Longyan,CN,25.1072,117.0225,75.12799999999996,85,6,0.48,clear sky
465,Kitgum,UG,3.2783,32.8867,68.39600000000004,84,68,1.67,broken clouds
466,Hit,IQ,33.6416,42.8251,93.75800000000001,11,0,4.42,clear sky
467,Roma,US,43.2128,-75.4557,77.21600000000001,57,94,3.58,overcast clouds
468,Drovyanaya,RU,51.5833,113.0333,58.00999999999998,98,100,1.99,light rain
469,Cam Ranh,VN,11.9214,109.1591,79.03399999999999,83,20,1.54,few clouds
470,Upington,ZA,-28.4478,21.2561,61.196000000000055,39,3,3.93,clear sky
471,Coxim,BR,-18.5067,-54.76,95.108,17,0,2.06,clear sky
472,Grand Gaube,MU,-20.0064,57.6608,69.65600000000003,74,0,2.24,clear sky
473,Doha,QA,25.2867,51.5333,93.45199999999997,75,20,4.12,light rain
474,Olafsvik,IS,64.8945,-23.7142,52.91600000000001,92,100,7.22,overcast clouds
475,Saint George,US,37.1041,-113.5841,91.90399999999995,43,67,2.24,broken clouds
476,Mangochi,MW,-14.4782,35.2645,65.11999999999996,78,1,4.52,clear sky
477,Barcelos,PT,41.5388,-8.6151,68.95399999999995,80,0,2.01,clear sky
478,Port Hardy,CA,50.6996,-127.4199,65.60600000000002,81,60,1.34,broken clouds
479,Ocala,US,29.1872,-82.1401,94.36999999999996,58,0,2.06,clear sky
480,Mecca,SA,21.4267,39.8261,94.226,42,59,0.72,broken clouds
481,Brownsville,US,25.9018,-97.4975,98.86999999999996,55,100,3.58,overcast clouds
482,Isabela,PH,6.7085,121.9711,77.792,91,100,0.66,heavy intensity rain
483,Stephenville,US,32.2207,-98.2023,105.04399999999997,25,0,2.68,clear sky
484,Sao Joaquim,BR,-28.2939,-49.9317,59.75600000000003,69,3,0.96,clear sky
485,Evensk,RU,61.95,159.2333,53.6,82,55,1.02,broken clouds
486,Samarai,PG,-10.6167,150.6667,78.98000000000005,84,27,4.55,scattered clouds
487,Anton Lizardo,MX,19.05,-95.9833,90.48200000000003,66,17,3.2,few clouds
488,Launceston,AU,-41.45,147.1667,40.87400000000001,95,75,1.54,broken clouds
489,Demidov,RU,55.2706,31.515,62.95999999999998,91,38,1.17,scattered clouds
490,Praia,CV,14.9215,-23.5087,81.40999999999998,74,75,2.06,broken clouds
491,Guanica,PR,17.9716,-66.908,89.56400000000004,78,5,6.66,clear sky
492,Villazon,BO,-22.0866,-65.5942,65.65999999999998,6,14,2.91,few clouds
493,Ust-Kuyga,RU,70.0167,135.6,65.94800000000004,67,55,0.18,broken clouds
494,Bure,ET,10.7,37.0667,57.83000000000004,95,100,0.98,overcast clouds
495,Puerto Del Rosario,ES,28.5004,-13.8627,84.21799999999999,61,0,3.6,clear sky
496,Cantaura,VE,9.3057,-64.3584,94.83800000000005,28,37,3.03,scattered clouds
497,Talnakh,RU,69.4865,88.3972,53.042,77,6,1.63,clear sky
498,Bunia,CD,1.5667,30.25,69.31400000000004,62,100,0.39,overcast clouds
499,Thinadhoo,MV,0.5333,72.9333,80.924,78,78,8.28,broken clouds
500,Nipawin,CA,53.3668,-104.0009,68.30600000000004,60,75,7.2,broken clouds
501,Broken Hill,AU,-31.95,141.4333,42.22400000000001,86,2,2.59,clear sky
502,Kibondo,TZ,-3.5864,30.7203,71.24000000000002,40,97,1.19,overcast clouds
503,Caninde De Sao Francisco,BR,-9.66,-37.7894,71.74399999999997,91,91,4.4,overcast clouds
504,Fuyu,CN,45.1833,124.8167,69.29600000000005,95,15,3.85,few clouds
505,Pocatello,US,42.8713,-112.4455,94.44200000000001,16,0,4.95,clear sky
506,Cardenas,CU,23.0375,-81.2047,88.826,70,68,6.13,heavy intensity rain
507,Trzebiatow,PL,54.0615,15.2648,59.306000000000026,65,3,6.28,clear sky
508,Setermoen,NO,68.861,18.3486,60.70999999999998,86,100,1.34,overcast clouds
509,Celestun,MX,20.8667,-90.4,85.53200000000001,69,36,6.6,scattered clouds
510,Diego De Almagro,CL,-26.3667,-70.05,71.74399999999997,26,8,3.26,clear sky
511,Kilindoni,TZ,-7.9139,39.6668,76.19000000000003,77,36,7.09,scattered clouds
512,Mujiayingzi,CN,42.1167,118.7833,67.24399999999997,87,61,2.12,broken clouds
513,Vao,NC,-22.6667,167.4833,67.892,63,0,3.24,clear sky
514,Carutapera,BR,-1.195,-46.02,79.34000000000003,82,96,3.83,overcast clouds
515,Alvaraes,BR,-3.2208,-64.8042,89.50999999999999,54,73,0.73,broken clouds
516,Iquique,CL,-20.2208,-70.1431,63.661999999999956,74,67,4.55,broken clouds
517,Gigmoto,PH,13.7796,124.39,80.29399999999998,86,89,1.94,overcast clouds
518,San Carlos De Bariloche,AR,-41.1456,-71.3082,41.522000000000034,76,100,0.82,light rain
519,Saint-Pierre,RE,-21.3393,55.4781,68.18000000000004,76,0,3.09,clear sky
520,Zhezkazgan,KZ,47.8043,67.7144,77.19800000000004,44,0,4.88,clear sky
521,Coahuayana,MX,18.7333,-103.6833,90.51799999999999,56,76,3.09,broken clouds
522,Meulaboh,ID,4.1363,96.1285,74.174,94,100,2.53,moderate rain
523,Kaabong,UG,3.4836,34.1492,67.29800000000003,67,87,0.84,overcast clouds
524,Ketchikan,US,55.3422,-131.6461,66.93800000000005,77,0,5.14,clear sky
525,Gogrial,SS,8.5332,28.1004,73.43599999999998,92,94,2.53,overcast clouds
526,Slavsk,RU,55.0425,21.677,60.56600000000001,95,100,2.85,overcast clouds
527,Roebourne,AU,-20.7833,117.1333,68.45,29,6,4.06,clear sky
528,Ulaangom,MN,49.9811,92.0667,59.03599999999997,47,100,1.75,overcast clouds
529,Itaguai,BR,-22.8522,-43.7753,71.56400000000004,77,2,2.11,clear sky
530,Klaipeda,LT,55.7172,21.1175,64.72400000000002,75,100,7.15,overcast clouds
531,Chapais,CA,49.7834,-74.8492,57.25399999999995,87,94,5.64,overcast clouds
532,Ormara,PK,25.2088,64.6357,83.13800000000005,81,100,1.63,overcast clouds
533,Prainha,BR,-1.8,-53.48,91.49000000000002,45,22,2.2,few clouds
534,Shubarkuduk,KZ,49.1447,56.4872,70.44800000000004,61,28,1.96,scattered clouds
535,Nouadhibou,MR,20.931,-17.0347,72.734,91,41,4.89,scattered clouds
536,Vostok,RU,46.4856,135.8833,60.8,97,0,1.11,clear sky
537,Tartus,SY,34.889,35.8866,80.042,68,0,1.02,clear sky
538,Tautira,PF,-17.7333,-149.15,74.48000000000005,88,100,5.78,light rain
539,Skelleftea,SE,64.7507,20.9528,64.27400000000002,100,100,3.6,overcast clouds
540,Revelstoke,CA,50.9832,-118.2023,90.69800000000004,35,14,1.14,few clouds
541,Lompoc,US,34.6391,-120.4579,86.28800000000004,66,7,2.24,clear sky
542,Sochi,RU,43.6,39.7303,70.15999999999998,84,0,2.21,clear sky
543,Vlasotince,RS,42.9636,22.1231,87.11600000000001,33,0,1.89,clear sky
544,Teguldet,RU,57.3064,88.1667,52.141999999999996,94,100,1.58,overcast clouds
545,Geraldton,AU,-28.7667,114.6,41.68399999999999,93,0,5.14,clear sky
546,Murray Bridge,AU,-35.1167,139.2667,53.40199999999997,88,99,2.57,overcast clouds
547,Krasnovishersk,RU,60.4078,57.082,51.656000000000034,73,70,1.96,broken clouds
548,Cockburn Town,TC,21.4612,-71.1419,82.94000000000003,79,3,8.71,clear sky
549,Gawler,AU,-34.6,138.7333,55.184,93,100,2.13,overcast clouds
550,Akureyri,IS,65.6835,-18.0878,58.38800000000005,67,100,1.65,overcast clouds
551,Ishigaki,JP,24.3448,124.1572,85.35199999999998,75,3,3.56,clear sky
552,Dauriya,RU,49.9333,116.8667,59.0,88,14,7.13,few clouds
553,Lae,PG,-6.7221,146.9847,74.75,91,100,3.31,overcast clouds
554,Aripuana,BR,-9.1667,-60.6333,95.95399999999995,23,99,1.31,overcast clouds
555,West Plains,US,36.7281,-91.8524,103.29800000000003,49,20,4.12,few clouds
556,Marawi,PH,7.9986,124.2928,69.11600000000001,92,100,1.46,overcast clouds
557,Iwaki,JP,37.05,140.8833,81.03200000000001,95,91,0.45,overcast clouds
558,Solnechnyy,RU,50.7214,136.6319,58.748000000000026,95,100,1.94,light rain
559,Idlib,SY,35.9306,36.6339,76.226,54,0,3.96,clear sky
560,Zyryanka,RU,65.75,150.85,50.342,53,98,7.76,overcast clouds
561,Beloha,MG,-25.1667,45.05,60.817999999999984,79,0,1.17,clear sky
562,Rassvet,RU,46.8333,40.75,68.684,87,1,3.2,clear sky
563,Muisne,EC,0.6,-80.0333,76.65800000000002,78,82,4.45,broken clouds
564,Camapua,BR,-19.5314,-54.0439,91.30999999999997,20,0,0.48,clear sky
565,Hornepayne,CA,49.2138,-84.7705,76.1,38,100,5.8,overcast clouds
566,Mahajanga,MG,-15.7167,46.3167,71.02400000000002,83,0,1.24,clear sky
567,Jardim,BR,-21.4803,-56.1381,92.37200000000004,20,0,2.67,clear sky
568,Itumba,TZ,-9.4,33.1833,53.851999999999975,95,5,2.47,clear sky
569,Berlevag,NO,70.8578,29.0864,62.67200000000004,94,0,0.0,clear sky
570,Vanavara,RU,60.34,102.2797,56.55199999999998,97,100,4.38,light rain
571,Nagymaros,HU,47.7928,18.9598,73.54399999999998,76,58,2.76,broken clouds
572,Nabire,ID,-3.3667,135.4833,74.60600000000002,89,35,1.62,scattered clouds
573,Gornyy,RU,55.1153,83.9059,60.27799999999996,84,47,1.49,scattered clouds
574,Tabuny,RU,52.7773,78.7896,72.12200000000004,42,89,3.48,overcast clouds
575,Dandong,CN,40.1292,124.3947,72.51799999999999,95,90,0.94,overcast clouds
576,Heswall,GB,53.3273,-3.0965,60.85399999999996,71,40,3.6,scattered clouds
577,Takaungu,KE,-3.6837,39.8566,74.67799999999997,83,99,7.22,overcast clouds
578,Mayumba,GA,-3.432,10.6554,70.05199999999998,89,8,2.8,clear sky
579,Kulhudhuffushi,MV,6.6221,73.07,81.37400000000002,79,20,6.93,few clouds
580,Filingue,NE,14.3521,3.3168,96.25999999999998,34,18,8.97,few clouds
581,Hutchinson,US,38.0608,-97.9298,98.00600000000003,49,0,3.09,clear sky
582,Aldan,RU,58.6031,125.3894,64.32799999999997,69,3,1.09,clear sky
583,Terrace,CA,54.5163,-128.6035,85.04600000000005,49,94,0.72,overcast clouds
584,Lisakovsk,KZ,52.5369,62.4936,64.74199999999999,85,99,5.47,overcast clouds
585,Nadym,RU,65.5333,72.5167,48.36199999999995,86,68,4.17,broken clouds
586,Lashio,MM,22.9333,97.75,67.55000000000001,99,66,0.58,broken clouds
587,Loikaw,MM,19.6742,97.2094,68.77400000000002,89,41,1.08,scattered clouds
588,Laredo,US,27.5064,-99.5075,102.75800000000001,27,0,6.17,clear sky
589,Ipixuna,BR,-1.7625,-48.8043,85.87400000000002,65,100,0.78,overcast clouds
590,Yurimaguas,PE,-5.9,-76.0833,86.43200000000002,66,40,2.06,scattered clouds
591,Wanning,CN,18.8003,110.3967,79.62799999999996,87,16,2.3,few clouds
592,Ugoofaaru,MV,5.6667,73.0,81.69800000000004,79,58,7.18,broken clouds
593,Port Hueneme,US,34.1478,-119.1951,92.65999999999998,74,75,4.12,broken clouds
594,Te Anau,NZ,-45.4167,167.7167,42.15199999999997,98,100,1.39,light rain
595,Kirakira,SB,-10.4544,161.9205,79.21400000000003,83,98,1.91,moderate rain
596,Manicore,BR,-5.8092,-61.3003,98.33000000000004,24,0,1.34,clear sky
597,Rockland,US,41.1668,-74.0496,84.16400000000004,46,100,3.41,overcast clouds
598,Itoman,JP,26.1247,127.6694,80.88800000000005,89,72,2.06,broken clouds
599,Kainantu,PG,-6.2887,145.8655,60.96199999999996,97,100,0.66,overcast clouds
600,Galle,LK,6.0367,80.217,78.368,88,87,3.16,overcast clouds
601,Ormond Beach,US,29.2858,-81.0559,92.55199999999998,76,40,5.14,scattered clouds
602,Aasiaat,GL,68.7098,-52.8699,39.2,96,95,3.15,overcast clouds
603,Duluth,US,46.7833,-92.1066,74.30000000000001,79,20,6.69,few clouds
604,Gurupi,BR,-11.7292,-49.0686,91.02200000000005,20,4,3.1,clear sky
605,Portland,US,45.5234,-122.6762,97.08800000000005,40,0,4.63,clear sky
606,Kalmunai,LK,7.4167,81.8167,80.27599999999998,81,100,1.39,overcast clouds
607,San Borja,BO,-14.8167,-66.85,91.72400000000002,46,40,3.09,scattered clouds
608,Novobiryusinskiy,RU,56.9578,97.7076,51.22400000000002,98,51,2.08,broken clouds
609,San Policarpo,PH,12.1791,125.5072,78.78200000000001,87,100,1.95,moderate rain
610,Pore,CO,5.7272,-71.9947,84.48800000000006,65,37,2.09,scattered clouds
611,Bontang,ID,0.1333,117.5,76.64000000000001,91,100,2.22,overcast clouds
612,Okhotsk,RU,59.3833,143.3,58.78399999999999,82,100,1.49,overcast clouds
613,Waslala,NI,13.2333,-85.3833,74.10199999999998,88,100,0.57,overcast clouds
614,Mwinilunga,ZM,-11.7358,24.4293,59.48599999999997,45,1,2.31,clear sky
615,Grafton,US,42.207,-71.6856,81.55399999999995,49,0,4.12,clear sky
616,Nizwa,OM,22.9333,57.5333,80.54600000000005,77,100,0.87,overcast clouds
617,Husavik,IS,66.0449,-17.3389,54.57200000000004,74,97,2.36,overcast clouds
618,Bayeux,BR,-7.125,-34.9322,77.9,78,75,5.14,broken clouds
619,Lazaro Cardenas,MX,17.9583,-102.2,87.09800000000003,61,63,4.39,broken clouds
620,Rincon,US,32.296,-81.2354,93.434,40,20,4.12,few clouds
621,Wadi Maliz,TN,36.4681,8.5495,86.05399999999995,29,0,1.6,clear sky
622,Dzhebariki-Khaya,RU,62.2167,135.8,63.30199999999998,78,27,1.08,scattered clouds
623,Nioro,GM,13.35,-15.75,79.77200000000005,84,100,2.44,light rain
624,Shelburne,CA,44.0787,-80.2041,72.85999999999999,42,1,3.51,clear sky
625,Sosnovo-Ozerskoye,RU,52.5249,111.5418,56.75,97,100,3.54,light rain
626,Makhinjauri,GE,41.6739,41.694,69.92599999999999,88,0,2.06,clear sky
627,Caravelas,BR,-17.7125,-39.2481,73.16600000000001,75,4,2.9,clear sky
628,Pittsburg,US,38.028,-121.8847,89.74399999999997,40,0,4.63,clear sky
629,Copiapo,CL,-27.3667,-70.3333,57.16400000000003,40,30,2.17,scattered clouds
630,Qaqortoq,GL,60.7167,-46.0333,47.26400000000003,85,39,1.94,scattered clouds
631,Marsh Harbour,BS,26.5412,-77.0636,84.36199999999997,77,79,7.34,broken clouds
632,Yvetot,FR,49.6174,0.7581,62.86999999999996,78,16,3.04,few clouds
633,Sjovegan,NO,68.8726,17.8474,61.483999999999995,99,100,1.5,overcast clouds
634,Saint-Francois,FR,46.4154,3.9054,67.94600000000005,56,0,3.6,clear sky
635,Rudsar,IR,37.1376,50.288,76.02799999999996,85,58,0.43,broken clouds
636,Sistranda,NO,63.7256,8.834,53.83399999999999,82,100,9.89,overcast clouds
637,Balikpapan,ID,-1.2675,116.8289,75.41600000000001,94,100,2.73,overcast clouds
638,Dakar,SN,14.6937,-17.4441,83.55199999999998,82,22,6.11,few clouds
639,Manokwari,ID,-0.8667,134.0833,78.368,72,73,1.15,broken clouds
640,Chemnitz,DE,50.6667,12.75,66.21799999999999,74,94,1.01,overcast clouds
641,Sirtich,RU,41.8321,48.228,72.03200000000001,71,32,1.17,scattered clouds
642,Amarante Do Maranhao,BR,-5.5667,-46.7422,92.93000000000004,26,100,2.75,overcast clouds
643,Lagoa,PT,39.05,-27.9833,74.35399999999996,87,20,5.28,few clouds
644,Barcelona,ES,41.3888,2.159,82.45399999999995,81,75,3.6,broken clouds
645,Mikhaylovka,RU,50.06,43.2379,67.96400000000003,75,88,1.88,overcast clouds
646,Tabou,CI,4.423,-7.3528,75.74000000000002,80,100,3.96,overcast clouds
647,Tahe,CN,52.3333,124.7333,63.48200000000001,94,90,1.25,overcast clouds
648,Qurayyat,SA,31.3318,37.3428,83.26400000000004,28,0,6.9,clear sky
649,Verkhnyaya Inta,RU,65.9811,60.3094,52.682000000000016,74,100,6.78,overcast clouds
650,Micheweni,TZ,-4.9667,39.8333,75.46999999999997,79,100,6.53,overcast clouds
651,Sedona,US,34.8697,-111.761,85.13599999999997,62,40,2.06,scattered clouds
652,Rawson,AR,-43.3002,-65.1023,46.70600000000003,91,100,4.54,overcast clouds
653,Karasjok,NO,69.4719,25.5112,59.377999999999965,97,100,2.87,overcast clouds
654,Encruzilhada Do Sul,BR,-30.5439,-52.5219,68.558,85,84,1.08,broken clouds
655,Sarangani,PH,5.4033,125.4636,82.61600000000001,72,100,1.27,overcast clouds
656,Springbok,ZA,-29.6643,17.8865,44.258,84,0,0.77,clear sky
657,Ascension,US,30.2169,-90.9001,90.37400000000002,78,75,5.66,broken clouds
658,Varkkallai,IN,8.7341,76.7067,80.65399999999995,90,78,4.14,broken clouds
659,Borova,UA,50.1763,30.1043,69.53000000000004,56,39,2.02,scattered clouds
660,Pitiquito,MX,30.7,-112.0833,93.95600000000003,41,74,1.72,broken clouds
661,Dospat,BG,41.65,24.1667,61.43000000000004,76,0,0.59,clear sky
662,Kalaleh,IR,37.3807,55.4916,78.99800000000002,74,94,0.09,overcast clouds
663,Vila Velha,BR,-20.3297,-40.2925,75.41600000000001,82,20,3.09,few clouds
664,Svetlaya,RU,46.5389,138.3297,62.99600000000005,96,100,2.55,overcast clouds
665,Poso,ID,-1.3959,120.7524,77.28800000000004,85,74,2.92,light rain
666,Beysehir,TR,37.6773,31.7246,67.74800000000002,42,0,2.36,clear sky
667,Mosnita Noua,RO,45.7172,21.3253,78.24199999999999,63,0,6.17,clear sky
668,Rio Grande,BR,-32.035,-52.0986,68.37799999999996,88,79,4.35,broken clouds
669,Nichinan,JP,31.6,131.3667,77.99000000000002,92,10,1.96,clear sky
670,Kodinsk,RU,58.6881,99.1844,57.21799999999999,97,100,4.61,overcast clouds
671,Semey,KZ,50.4111,80.2275,66.90199999999999,49,74,2.64,broken clouds
672,Garden City,US,42.3256,-83.331,84.91999999999996,43,40,3.09,scattered clouds
673,Isiolo,KE,0.3546,37.5822,69.29600000000005,51,15,8.79,few clouds
674,Tinaquillo,VE,9.9186,-68.3047,78.584,86,91,1.3,overcast clouds
675,Esna,EG,25.2934,32.554,91.47200000000004,13,0,4.07,clear sky
676,Berezovyy,RU,51.6667,135.7,58.33399999999999,96,100,0.81,overcast clouds
677,Yuza,JP,39.0,139.9167,73.976,85,91,1.15,overcast clouds
678,Bayangol,RU,50.6977,103.4656,42.09800000000003,95,99,1.41,overcast clouds
679,Uvat,RU,59.1433,68.8953,55.23800000000004,74,24,2.2,few clouds
680,Dwarka,IN,22.2394,68.9678,82.50800000000001,83,100,7.28,overcast clouds
681,Yershov,RU,51.3513,48.2766,66.91999999999996,78,28,0.63,scattered clouds
682,Baruun-Urt,MN,46.6806,113.2792,57.32599999999999,82,39,2.21,scattered clouds
683,Sioux Lookout,CA,50.1001,-91.917,73.58000000000004,46,99,3.03,overcast clouds
684,Kaeo,NZ,-35.1,173.7833,53.6,90,60,6.33,broken clouds
685,Darnah,LY,32.767,22.6367,80.00600000000003,75,0,7.06,clear sky
686,Bahir Dar,ET,11.5936,37.3908,61.772000000000034,95,100,1.81,moderate rain
687,Belyy Yar,RU,53.6039,91.3903,53.13200000000002,93,0,1.0,clear sky
688,Dzilam Gonzalez,MX,21.2833,-88.9333,82.184,77,91,3.63,overcast clouds
689,Flinders,AU,-34.5833,150.8552,50.45,69,3,4.02,clear sky
